molecule_id,class,pic50,MW,LogP,HDonors,HAcceptors
CHEMBL100584,active,8.443697499232712,492.9630000000003,3.882900000000003,2,6
CHEMBL100805,active,7.602059991327962,445.47500000000025,2.9475000000000007,3,5
CHEMBL101121,active,8.301029995663981,430.4600000000002,3.540300000000002,2,5
CHEMBL102415,active,9.045757490560677,464.6090000000001,3.149300000000001,2,6
CHEMBL102459,active,7.481486060122112,429.47600000000017,3.6542000000000012,2,5
CHEMBL102698,active,8.55284196865778,478.63600000000014,3.1918000000000006,2,6
CHEMBL103442,active,7.795880017344075,466.51500000000027,3.088800000000001,2,6
CHEMBL104446,active,6.860120913598763,354.42800000000017,1.4018999999999995,2,5
CHEMBL105962,active,8.443697499232712,480.6080000000001,2.3691000000000004,3,7
CHEMBL106889,inactive,4.443697499232713,471.5790000000002,1.6364000000000003,4,6
CHEMBL1078281,active,7.236572006437063,437.9300000000001,3.1224000000000007,2,5
CHEMBL11306,active,9.42021640338319,349.4310000000001,1.0176999999999996,4,4
CHEMBL115145,inactive,4.36251027048749,288.255,2.0850000000000004,4,4
CHEMBL115189,active,8.522878745280337,331.41300000000007,-0.20809999999999906,5,5
CHEMBL115460,inactive,4.517126416391246,558.7190000000003,6.067920000000006,3,4
CHEMBL115727,active,8.647817481888637,513.5940000000002,1.2567000000000006,2,8
CHEMBL1163444,active,8.137272471682026,273.263,2.8888000000000007,3,3
CHEMBL1163455,active,8.47755576649368,285.29900000000004,2.758300000000001,3,4
CHEMBL1163867,active,8.086716098239581,289.718,3.403100000000001,3,3
CHEMBL1164826,active,8.10790539730952,239.27400000000003,3.0441000000000003,2,2
CHEMBL1165106,active,8.438898616350944,269.3,3.0581200000000015,3,3
CHEMBL1165150,active,8.10292299679058,289.718,3.403100000000002,3,3
CHEMBL1165152,active,8.228412519118745,269.3,3.0581200000000015,3,3
CHEMBL1165574,active,8.1073489661227,273.26300000000003,2.8888000000000007,3,3
CHEMBL1165627,active,8.246416941107093,285.299,2.758300000000001,3,4
CHEMBL116944,active,9.096910013008056,358.39400000000006,2.1012,4,5
CHEMBL117225,active,6.075720713938118,557.7350000000004,5.904720000000005,4,4
CHEMBL118497,active,8.55284196865778,458.46700000000016,2.5168999999999997,4,7
CHEMBL118744,active,8.327902142064282,501.5390000000002,-0.4085999999999985,3,9
CHEMBL118848,active,7.806875401645538,589.7390000000001,1.7968999999999997,2,10
CHEMBL1200596,inactive,4.798602875679548,214.051,3.2472000000000003,1,2
CHEMBL1229516,active,8.292429823902063,391.5120000000001,2.1384999999999987,3,4
CHEMBL1229868,active,8.920818753952375,445.4150000000002,3.3260000000000023,2,6
CHEMBL1277658,inactive,4.443697499232713,349.415,4.030700000000002,2,3
CHEMBL129795,active,8.0,256.257,2.699500000000001,3,4
CHEMBL1305393,active,8.086716098239581,251.329,3.0587000000000018,1,1
CHEMBL140152,active,9.30102999566398,356.44399999999996,1.7699999999999996,2,5
CHEMBL140970,active,8.721246399047171,374.48400000000004,1.4753999999999996,2,6
CHEMBL141080,active,9.045757490560677,360.45700000000005,1.0852999999999997,2,6
CHEMBL145,active,7.806597096937582,180.159,1.1956,3,3
CHEMBL147489,active,9.602059991327964,393.3770000000001,1.0938999999999999,3,7
CHEMBL1483847,inactive,4.632644078973981,284.231,3.0463000000000005,1,5
CHEMBL1532097,inactive,4.992679047077256,544.5120000000003,4.057500000000002,7,10
CHEMBL155874,active,9.0,542.4110000000002,4.156900000000002,4,4
CHEMBL157704,active,7.552841968657781,450.5160000000001,3.817700000000002,3,4
CHEMBL1630091,inactive,4.638272163982407,466.5780000000002,4.118920000000003,2,6
CHEMBL16505,active,6.6020599913279625,332.51000000000005,1.6063999999999994,4,4
CHEMBL1650637,inactive,4.958607314841775,318.329,2.880300000000001,2,4
CHEMBL16519,active,9.853871964321762,374.5910000000002,2.9208000000000007,4,4
CHEMBL16520,active,7.920818753952375,315.41400000000004,0.8210999999999995,4,4
CHEMBL16554,active,9.853871964321762,372.57500000000016,3.1290000000000013,3,4
CHEMBL16595,active,7.698970004336019,499.76200000000034,4.0500000000000025,4,6
CHEMBL16630,active,8.096910013008056,332.51000000000005,1.6063999999999994,4,4
CHEMBL16650,active,7.920818753952375,374.5910000000002,2.9208000000000007,4,4
CHEMBL16933,active,8.096910013008056,330.4940000000001,1.8145999999999989,3,4
CHEMBL17082,active,7.619788758288394,501.77800000000036,3.841800000000002,5,6
CHEMBL173075,active,6.481486060122112,288.34700000000004,2.2607999999999997,2,3
CHEMBL174641,active,6.928117992693874,340.33500000000004,1.4650999999999998,3,5
CHEMBL175282,active,6.06398920428479,364.4450000000001,3.927800000000003,2,3
CHEMBL176467,active,7.2839966563652,310.3090000000001,2.1025999999999994,2,4
CHEMBL176517,inactive,4.853871964321762,296.28200000000004,1.9284999999999997,2,4
CHEMBL176602,active,7.686132779630847,374.4210000000001,3.642100000000002,2,3
CHEMBL176832,active,7.744727494896693,380.44400000000013,4.053100000000003,2,4
CHEMBL176876,inactive,4.920818753952375,380.5130000000001,4.092700000000003,2,3
CHEMBL1770157,active,7.638272163982407,492.5500000000003,2.3211999999999993,3,8
CHEMBL1770697,active,6.42021640338319,560.5470000000004,3.235500000000001,2,8
CHEMBL1770707,active,6.031517051446064,490.57800000000026,2.6228000000000007,2,8
CHEMBL1770708,active,6.017728766960431,505.59300000000025,2.3786000000000005,3,8
CHEMBL1770709,active,6.7447274948966935,546.5200000000003,3.2112000000000007,3,8
CHEMBL1770710,active,6.173925197299173,454.5450000000004,1.6863999999999992,2,7
CHEMBL1770711,active,6.301029995663981,519.6200000000003,2.768700000000001,3,8
CHEMBL177077,active,6.785156151952302,360.45400000000006,3.340700000000001,2,4
CHEMBL1771212,active,9.721246399047171,518.5100000000001,3.1376000000000017,2,8
CHEMBL177740,active,7.769551078621726,416.4330000000001,3.299500000000001,2,5
CHEMBL1784362,active,6.173925197299173,410.53600000000023,2.0577999999999994,1,5
CHEMBL179288,active,8.173925197299173,406.5040000000001,3.2143000000000015,2,5
CHEMBL1795351,active,7.102372908709558,392.50200000000007,2.2742000000000004,3,5
CHEMBL1795857,active,7.200659450546418,588.7510000000003,5.464500000000005,3,6
CHEMBL1795858,active,7.301029995663981,586.7350000000002,5.116500000000004,3,6
CHEMBL1795859,active,7.113509274827518,521.6640000000002,4.366800000000002,4,5
CHEMBL1795860,active,6.187086643357144,538.7160000000001,5.100200000000004,3,6
CHEMBL1795861,active,7.67778070526608,450.60700000000014,3.0595000000000008,2,6
CHEMBL1795862,active,8.366531544420413,494.6380000000002,4.111500000000002,2,5
CHEMBL179616,active,7.707743928643524,406.5040000000001,3.2143000000000015,2,5
CHEMBL1800089,active,10.0,557.591,2.9436000000000018,2,8
CHEMBL1801044,active,9.397940008672036,377.41800000000023,2.3072,2,6
CHEMBL1801045,active,8.537602002101044,411.8630000000003,2.9606000000000012,2,6
CHEMBL1801046,active,9.522878745280336,411.8630000000002,2.9606000000000012,2,6
CHEMBL1801047,active,8.301029995663981,446.3080000000002,3.6140000000000017,2,6
CHEMBL1801050,active,8.769551078621726,453.51600000000025,3.9742000000000033,2,6
CHEMBL1801051,active,7.371611069949688,445.41500000000025,3.3260000000000023,2,6
CHEMBL1801052,active,9.69897000433602,461.4140000000002,3.2058000000000018,2,7
CHEMBL1801054,active,9.602059991327964,477.4820000000002,3.919100000000002,2,7
CHEMBL1801056,active,8.823908740944319,444.50900000000024,2.2344,2,7
CHEMBL1801057,active,8.958607314841775,497.57300000000026,3.1964000000000015,2,8
CHEMBL1801393,active,9.221848749616356,551.5430000000001,4.086400000000003,2,8
CHEMBL1801394,active,10.0,532.537,3.527700000000002,2,8
CHEMBL1801396,active,10.0,502.4670000000002,3.037700000000001,2,7
CHEMBL1801398,active,9.744727494896694,474.4570000000002,3.121000000000002,2,7
CHEMBL1801412,active,9.69897000433602,460.55200000000025,3.1537000000000015,2,7
CHEMBL1801413,active,8.698970004336019,456.56400000000025,3.3492000000000024,2,6
CHEMBL1801415,active,8.657577319177793,460.59600000000023,4.124400000000003,2,6
CHEMBL1801417,active,9.67778070526608,474.5790000000003,3.542200000000003,2,7
CHEMBL1801418,active,7.08460016478773,492.5750000000003,1.6293,2,8
CHEMBL1801419,active,8.42021640338319,420.44300000000027,1.6088999999999996,3,8
CHEMBL1801420,active,9.522878745280336,458.4920000000003,1.9544999999999997,2,8
CHEMBL1801421,active,9.568636235841012,478.5230000000003,1.9676999999999996,2,9
CHEMBL1801423,active,8.721246399047171,474.5350000000004,2.5262000000000002,2,8
CHEMBL1801424,active,8.638272163982407,484.49600000000027,3.773800000000003,2,6
CHEMBL1801425,active,8.397940008672037,444.43100000000015,2.899000000000001,3,6
CHEMBL1801426,active,8.721246399047171,486.5120000000002,4.019800000000003,2,6
CHEMBL1801427,active,8.823908740944319,472.4850000000002,3.631300000000002,2,6
CHEMBL1801428,active,9.602059991327964,534.578,3.850900000000002,2,8
CHEMBL1801429,active,9.657577319177792,460.4300000000002,2.7788000000000004,3,7
CHEMBL1801430,active,9.82390874094432,500.4950000000003,3.6536000000000026,2,7
CHEMBL1801431,active,9.69897000433602,551.543,4.086400000000003,2,8
CHEMBL180239,inactive,4.7121982700697735,364.401,4.178900000000003,3,5
CHEMBL181244,active,6.698970004336019,364.42300000000006,2.1897,2,5
CHEMBL1812914,active,8.2839966563652,434.4960000000003,2.0678,2,6
CHEMBL1812915,active,7.568636235841012,448.4790000000003,1.5943999999999998,2,6
CHEMBL1812918,active,6.882728704344236,470.5290000000003,2.8580000000000005,2,6
CHEMBL1812920,active,7.853871964321762,422.44100000000026,1.2042999999999997,2,6
CHEMBL1812921,active,7.795880017344075,394.4310000000002,1.2875999999999996,2,6
CHEMBL1812922,active,8.958607314841775,448.52300000000037,2.4578999999999995,2,6
CHEMBL1812923,active,7.585026652029182,484.5560000000003,3.248100000000001,2,6
CHEMBL1812924,active,8.823908740944319,436.46800000000025,1.5943999999999996,2,6
CHEMBL1812925,active,8.721246399047171,408.4580000000002,1.6776999999999995,2,6
CHEMBL1812926,active,7.366531544420414,490.5410000000003,2.5597000000000003,2,7
CHEMBL1812927,active,7.366531544420414,509.5220000000002,2.36988,2,7
CHEMBL1812928,active,7.346787486224656,519.9450000000003,2.5465999999999998,2,7
CHEMBL1812929,active,7.886056647693163,462.50600000000037,1.9844999999999997,2,6
CHEMBL1812930,active,7.721246399047171,504.5680000000003,2.9498000000000006,2,7
CHEMBL1812931,active,7.552841968657781,523.5490000000002,2.7599800000000005,2,7
CHEMBL1812932,active,6.958607314841775,533.9720000000003,2.936700000000001,2,7
CHEMBL1812933,active,7.853871964321762,476.5330000000004,2.3746,2,6
CHEMBL1812934,active,7.443697499232712,544.6330000000004,3.3668000000000013,2,7
CHEMBL1812936,active,7.154901959985743,582.5350000000001,3.786900000000002,2,7
CHEMBL1812937,active,6.809668301829708,518.6140000000006,3.544900000000002,2,6
CHEMBL1812938,active,6.424812155072339,586.6450000000001,3.6857000000000015,2,8
CHEMBL1812939,active,7.552841968657781,547.9990000000003,3.245120000000001,2,7
CHEMBL1812940,active,6.718966632752272,506.5190000000004,1.1930999999999996,3,7
CHEMBL1812941,active,8.540607512240769,552.5870000000003,3.9429200000000026,2,7
CHEMBL1812942,active,6.667561540084394,607.0630000000001,4.895500000000005,2,7
CHEMBL1812943,active,7.602059991327962,516.5540000000003,3.098140000000001,2,7
CHEMBL1812944,active,7.468521082957745,550.5750000000004,2.8315,2,8
CHEMBL1812945,active,7.292429823902063,518.5950000000004,2.8787000000000003,2,7
CHEMBL1812946,active,6.920818753952375,632.6730000000002,4.245300000000003,2,8
CHEMBL1812947,active,6.703334809738469,567.5240000000002,3.302100000000001,2,7
CHEMBL1812948,active,7.356547323513812,512.5660000000003,3.196720000000001,2,6
CHEMBL1812949,active,6.549750891680639,577.4350000000001,3.650800000000002,2,6
CHEMBL1812950,active,7.060480747381382,567.4290000000002,4.195100000000003,2,6
CHEMBL1812951,active,7.207608310501746,526.5930000000004,3.207300000000002,2,6
CHEMBL1812952,active,6.761953896871205,547.0110000000003,3.470600000000002,2,6
CHEMBL1812953,active,7.113509274827518,518.6140000000006,3.544900000000002,2,6
CHEMBL1812954,active,7.091514981121351,586.407,3.7292000000000023,2,7
CHEMBL1812955,active,7.619788758288394,507.5470000000005,1.5001,2,7
CHEMBL1812956,active,7.130768280269024,627.723,3.6560000000000015,2,8
CHEMBL1812957,active,7.031517051446065,544.6330000000002,3.6102000000000007,2,7
CHEMBL1812958,active,6.669586226650809,552.5910000000002,2.7750000000000012,2,7
CHEMBL1812959,active,6.156144577376839,691.7630000000001,2.3488000000000016,3,10
CHEMBL1812960,active,6.009661145212398,673.7950000000001,5.384800000000006,2,8
CHEMBL1812961,active,7.823908740944319,658.6930000000001,2.98552,3,10
CHEMBL1812962,active,7.244125144327507,609.6360000000001,2.3989000000000003,3,8
CHEMBL1812963,active,7.552841968657781,697.7700000000001,4.006120000000002,3,9
CHEMBL1812964,active,7.096910013008056,605.6730000000002,2.56822,3,8
CHEMBL1812965,active,7.119186407719209,626.6950000000002,2.8839000000000006,3,9
CHEMBL1830129,active,8.09799710864927,223.27500000000003,3.3385000000000016,1,1
CHEMBL1834425,active,6.213958789757446,321.423,2.9502000000000015,1,5
CHEMBL18614,active,7.958607314841775,429.2920000000001,2.7102200000000005,2,5
CHEMBL18649,active,6.634512015109101,495.3950000000001,3.8839200000000016,2,5
CHEMBL18667,active,6.779891911959945,550.4750000000001,3.6045000000000025,2,6
CHEMBL18895,active,6.412289034981089,497.36700000000013,2.73022,2,6
CHEMBL18943,active,6.321481620959887,483.3400000000003,2.0761199999999995,3,6
CHEMBL19005,active,6.517126416391246,467.34100000000007,3.103720000000001,2,5
CHEMBL190871,active,7.721246399047171,553.3880000000003,3.764000000000002,2,6
CHEMBL1916050,active,9.236572006437065,408.86300000000017,2.956900000000001,2,5
CHEMBL1916051,active,8.229147988357855,410.87900000000025,3.180900000000001,2,5
CHEMBL1916053,active,8.886056647693163,422.89000000000016,3.3470000000000013,2,5
CHEMBL1916054,active,9.337242168318426,507.99600000000044,2.6593,2,7
CHEMBL1916057,active,8.698970004336019,374.4180000000001,2.3034999999999997,2,5
CHEMBL1916201,active,9.0,404.44400000000013,2.3121,2,6
CHEMBL1916202,active,8.698970004336019,442.41500000000013,3.322300000000001,2,5
CHEMBL1916203,active,7.638272163982407,375.4060000000001,1.6984999999999995,2,6
CHEMBL1916204,active,7.920818753952375,375.4060000000001,1.6984999999999997,2,6
CHEMBL1916205,active,8.045757490560675,378.4750000000001,2.54812,2,5
CHEMBL1916206,active,7.795880017344075,398.89300000000014,2.8931000000000004,2,5
CHEMBL1916207,active,7.958607314841775,394.4740000000001,2.2483000000000004,2,6
CHEMBL1916210,active,9.657577319177792,522.0230000000003,3.001500000000001,1,7
CHEMBL1916211,active,9.67778070526608,520.0510000000002,4.1552000000000024,1,6
CHEMBL1916212,active,9.69897000433602,535.066,2.9167000000000014,1,7
CHEMBL1916213,active,7.769551078621726,512.0530000000002,2.9377000000000013,1,7
CHEMBL1916214,active,7.958607314841775,491.6350000000003,2.592720000000001,1,7
CHEMBL1916215,active,9.096910013008056,515.6570000000004,2.32552,1,7
CHEMBL1916397,inactive,4.6020599913279625,402.5380000000001,4.987500000000004,1,4
CHEMBL1916398,inactive,4.6020599913279625,416.56900000000024,5.331840000000004,2,3
CHEMBL191986,active,7.698970004336019,689.304,3.865300000000002,2,6
CHEMBL192249,active,8.698970004336019,550.3530000000003,1.2546999999999995,3,7
CHEMBL192370,active,7.585026652029182,531.363,1.8949999999999996,3,7
CHEMBL19269,active,6.191789027075778,496.3830000000001,2.3032200000000005,3,6
CHEMBL19278,active,7.552841968657781,547.6770000000002,4.509000000000004,2,6
CHEMBL19279,active,6.341988603342887,467.34100000000007,3.10212,2,5
CHEMBL192872,active,8.397940008672037,503.3530000000003,1.4125999999999996,3,7
CHEMBL19371,active,6.096910013008056,481.36800000000005,3.4938200000000013,2,5
CHEMBL1939844,active,6.161150909262744,342.37300000000005,0.4684999999999995,1,6
CHEMBL1939845,active,6.180456064458131,388.44500000000005,2.1269,1,5
CHEMBL1939846,active,7.522878745280337,404.4440000000001,2.2522,1,6
CHEMBL194237,active,7.292429823902063,431.49200000000013,-0.771399999999997,2,7
CHEMBL194627,active,6.96657624451305,444.5130000000001,0.8642000000000013,2,7
CHEMBL195743,active,8.221848749616356,454.4830000000002,0.6587,3,8
CHEMBL195948,active,7.055517327849831,395.43700000000007,-0.18449999999999805,2,6
CHEMBL196092,active,6.769551078621726,354.38399999999996,-0.016399999999999193,2,6
CHEMBL19611,active,9.42596873227228,388.4680000000002,1.4989999999999999,5,4
CHEMBL1965818,inactive,4.443697499232713,240.21800000000002,3.4030000000000014,0,4
CHEMBL198100,active,6.679853713888946,437.5180000000002,0.9858000000000009,2,6
CHEMBL1981977,active,7.857923538926715,257.72,3.991900000000002,1,1
CHEMBL1998736,active,7.975514332300833,241.26500000000001,3.4776000000000016,1,1
CHEMBL199917,active,8.568636235841012,541.4230000000001,4.899900000000003,3,4
CHEMBL202932,active,8.096910013008056,399.40500000000003,2.800300000000002,3,4
CHEMBL204153,inactive,4.2441251443275085,313.36,4.482200000000002,2,2
CHEMBL2048502,inactive,4.935167780261426,530.4820000000002,1.1179999999999992,6,12
CHEMBL2048504,inactive,4.903437561625864,320.3410000000001,1.9184999999999997,3,6
CHEMBL2048505,active,6.004364805402449,566.5150000000003,2.9456000000000024,5,12
CHEMBL2048507,inactive,4.6728454875905685,542.4960000000001,3.989200000000002,6,10
CHEMBL2048508,inactive,4.540758335121918,320.253,0.8919000000000001,6,8
CHEMBL2048511,inactive,4.845271792559845,202.24999999999997,1.6848999999999998,1,3
CHEMBL204987,active,8.853871964321762,471.53400000000016,3.6419200000000025,1,4
CHEMBL206045,active,7.602059991327962,471.5340000000002,4.326600000000003,1,5
CHEMBL2063424,active,7.040958607678906,489.39700000000033,0.7587999999999997,2,11
CHEMBL2063425,active,7.322575562298752,414.37400000000014,1.1802999999999997,2,8
CHEMBL2063426,active,7.036212172654444,469.45400000000035,0.8660999999999996,2,9
CHEMBL2063427,active,6.818156412055227,468.46600000000035,2.3506,2,8
CHEMBL2063428,active,6.673664139071249,454.4390000000003,1.9604999999999997,2,8
CHEMBL2063429,active,6.982966660701219,454.4390000000003,1.9604999999999997,2,8
CHEMBL2063430,active,7.585026652029182,399.4030000000002,0.3267999999999997,4,7
CHEMBL2063431,active,6.838631997765026,369.3770000000001,0.9642999999999995,3,6
CHEMBL2063432,active,8.09151498112135,424.4570000000003,0.6500999999999996,3,7
CHEMBL2063433,active,7.920818753952375,423.4690000000003,2.1346,3,6
CHEMBL2063517,active,7.013228265733755,409.44200000000023,1.7444999999999997,3,6
CHEMBL2063518,active,8.207608310501746,409.44200000000023,1.7444999999999997,3,6
CHEMBL2064540,active,8.301029995663981,843.969,2.6723000000000052,2,15
CHEMBL2064541,active,9.221848749616356,711.8100000000004,2.6225000000000023,2,12
CHEMBL2064542,active,9.431798275933003,622.7370000000002,2.4945000000000013,2,10
CHEMBL2064543,active,7.366531544420414,829.8980000000006,0.6026000000000062,5,16
CHEMBL2064544,active,8.522878745280337,888.0219999999999,2.6889000000000074,2,16
CHEMBL2064545,active,8.698970004336019,340.40100000000007,0.8490999999999995,2,5
CHEMBL2064546,active,8.154901959985743,581.6730000000001,1.7215200000000002,2,10
CHEMBL2064547,active,10.522878745280336,429.4740000000001,0.9771,2,7
CHEMBL2064548,active,10.221848749616356,713.8320000000003,1.7713200000000038,2,13
CHEMBL2064549,active,10.30102999566398,561.6330000000003,1.0269000000000026,2,10
CHEMBL2064550,active,9.045757490560677,584.6560000000003,1.367700000000002,2,11
CHEMBL2064551,active,8.397940008672037,654.7180000000003,1.6705000000000017,2,12
CHEMBL2064552,active,9.221848749616356,547.5620000000001,-1.0427999999999988,5,11
CHEMBL206694,active,6.920818753952375,558.6160000000002,2.7980800000000015,1,8
CHEMBL206944,active,8.356547323513812,479.51000000000016,3.275400000000001,1,6
CHEMBL207026,active,8.292429823902063,483.58900000000017,5.441400000000006,1,4
CHEMBL207242,active,7.638272163982407,549.4790000000003,4.290700000000003,1,7
CHEMBL208136,active,6.58838029403677,565.0470000000001,4.546900000000004,1,6
CHEMBL208287,active,7.015472686656207,469.94600000000025,4.280000000000004,1,4
CHEMBL208615,active,7.657577319177793,497.6160000000002,5.660600000000005,1,4
CHEMBL208749,active,7.698970004336019,517.4810000000002,4.285600000000003,1,5
CHEMBL208841,active,6.056011124926228,493.58200000000045,0.30880000000000263,2,8
CHEMBL2088987,active,6.045757490560675,445.3240000000002,2.847200000000001,2,5
CHEMBL2088991,active,6.251811972993799,518.3750000000003,2.0776,3,7
CHEMBL2088993,active,7.0,464.35200000000015,2.1219,3,6
CHEMBL2088994,active,6.443697499232712,474.32200000000023,2.053,3,6
CHEMBL208966,active,7.823908740944319,474.49400000000014,3.1384800000000013,1,6
CHEMBL209165,active,9.017728766960431,495.5780000000002,3.9887000000000024,1,6
CHEMBL209289,active,7.508638306165727,455.53500000000014,4.626420000000003,1,4
CHEMBL209465,active,8.920818753952375,475.9530000000002,4.971400000000004,1,4
CHEMBL2096738,active,6.730487055782083,313.4190000000001,2.6472000000000007,2,4
CHEMBL2096852,active,6.8297382846050425,313.4190000000001,2.6472000000000007,2,4
CHEMBL210133,active,7.721246399047171,520.6290000000004,1.9800000000000006,2,7
CHEMBL210441,active,8.744727494896694,507.49900000000025,3.2822000000000013,2,6
CHEMBL210517,active,9.30102999566398,487.5330000000002,3.3080200000000017,1,5
CHEMBL2107228,active,7.154901959985743,408.49900000000014,1.733700000000001,4,6
CHEMBL211007,active,7.853871964321762,483.9290000000002,3.920200000000003,1,5
CHEMBL211036,active,8.013228265733755,483.58900000000017,5.270500000000005,1,4
CHEMBL211037,active,6.995678626217357,489.5490000000002,4.3522000000000025,1,6
CHEMBL211274,active,6.012333735073725,482.55500000000035,-0.0324999999999982,4,8
CHEMBL211726,active,7.167491087293763,484.5740000000003,2.59882,2,6
CHEMBL212481,active,6.342944147142896,470.54700000000025,2.2904,2,6
CHEMBL212723,inactive,4.366531544420414,231.251,2.49794,2,2
CHEMBL213158,inactive,4.528708288941061,451.9130000000001,2.865000000000001,2,6
CHEMBL2203634,active,7.657577319177793,330.42800000000005,3.3321000000000014,2,3
CHEMBL2203635,active,8.301029995663981,344.4550000000001,3.7222000000000017,2,3
CHEMBL2203637,active,7.2839966563652,384.398,3.874500000000003,2,3
CHEMBL2203638,active,8.522878745280337,360.4540000000001,3.340700000000001,2,4
CHEMBL2203639,active,7.031517051446065,374.4810000000001,3.7308000000000012,2,4
CHEMBL2203640,active,7.221848749616356,388.50800000000004,3.9768000000000017,2,4
CHEMBL2203641,active,7.207608310501746,414.42400000000004,3.8831000000000016,2,4
CHEMBL221717,active,8.221848749616356,507.4060000000002,2.7750000000000004,2,6
CHEMBL221857,active,6.187086643357144,358.4420000000001,0.5989000000000004,3,5
CHEMBL222303,inactive,5.0,399.4900000000002,0.8950999999999998,2,6
CHEMBL222309,active,6.906578314837764,359.403,2.1090999999999998,2,5
CHEMBL222714,active,6.785156151952302,472.56300000000033,2.4112,2,7
CHEMBL222854,active,6.414539270491499,521.4330000000003,3.1651000000000016,2,6
CHEMBL222934,active,8.0,525.4650000000003,3.941900000000003,2,6
CHEMBL226438,active,6.060480747381382,366.3950000000001,1.3230999999999993,2,6
CHEMBL227484,active,8.387216143280265,383.40600000000006,3.100120000000002,3,3
CHEMBL227501,active,7.1938200260161125,383.40600000000006,3.100120000000002,3,3
CHEMBL227565,inactive,4.481486060122113,472.6480000000001,4.824000000000003,2,6
CHEMBL227598,active,7.619788758288394,427.4590000000001,3.5789000000000035,3,4
CHEMBL227824,active,9.2518119729938,413.4320000000001,3.190400000000002,3,4
CHEMBL228141,active,6.167491087293763,427.4590000000001,2.9185000000000025,3,4
CHEMBL228187,active,6.769551078621726,387.369,2.9308000000000023,3,3
CHEMBL228188,active,6.795880017344075,403.824,3.4451000000000027,3,3
CHEMBL228230,inactive,4.088842391260023,252.31400000000002,1.7719999999999998,3,4
CHEMBL229844,active,8.208309350979881,239.27400000000003,3.044100000000001,2,2
CHEMBL2311189,active,6.698970004336019,405.4604336000001,2.335,3,5
CHEMBL2311765,active,7.1487416512809245,941.055,4.8933000000000035,4,12
CHEMBL2311766,active,6.882728704344236,955.0819999999999,5.283400000000004,4,12
CHEMBL2311767,active,6.920818753952375,983.1359999999999,6.0636000000000045,4,12
CHEMBL2311768,active,7.091514981121351,1011.1899999999998,6.843800000000007,4,12
CHEMBL2311769,active,6.653647025549361,1039.2439999999997,7.6240000000000085,4,12
CHEMBL2311770,active,6.84163750790475,1123.4059999999997,9.964600000000003,4,12
CHEMBL2311771,active,7.301029995663981,918.964,4.090000000000002,4,12
CHEMBL2311772,active,7.886056647693163,464.5220000000002,2.3746,2,6
CHEMBL2311773,active,6.216096420727265,604.792,6.275600000000006,2,6
CHEMBL2311774,active,7.070581074285707,870.9200000000002,2.942800000000001,4,12
CHEMBL2311775,active,6.72584215073632,884.9470000000001,3.3329000000000013,4,12
CHEMBL2311776,active,6.939302159646388,898.9740000000002,3.7230000000000016,4,12
CHEMBL2311777,active,6.917214629683549,913.0010000000001,4.113100000000002,4,12
CHEMBL2311778,active,7.096910013008056,927.028,4.503200000000003,4,12
CHEMBL2326363,active,6.97061622231479,414.4540000000001,4.161800000000004,1,4
CHEMBL2336335,active,7.899974269892137,257.72,3.991900000000003,1,1
CHEMBL2336336,active,8.08512818245995,273.719,3.6975000000000016,2,2
CHEMBL2336337,active,8.106793246940152,253.30100000000002,2.721800000000001,2,2
CHEMBL2336338,active,8.235077015350111,255.27300000000002,2.7497000000000003,3,3
CHEMBL2336340,active,8.371611069949688,255.27300000000002,2.7497,3,3
CHEMBL2336341,active,8.228412519118745,269.3,3.0527000000000006,2,3
CHEMBL2336343,active,8.364516253185087,269.3,3.0527000000000006,2,3
CHEMBL2336344,active,8.224025668870631,253.30100000000002,3.352520000000001,2,2
CHEMBL2336346,active,8.355561410532161,253.30100000000004,3.352520000000001,2,2
CHEMBL2336347,active,8.049148541111453,257.264,3.183200000000001,2,2
CHEMBL2336349,active,8.075204004202089,257.264,3.183200000000001,2,2
CHEMBL2336350,active,8.029653123769906,273.71900000000005,3.6975000000000016,2,2
CHEMBL2336351,active,8.036684488613888,273.719,3.6975000000000016,2,2
CHEMBL2336352,active,8.089909454405932,237.30200000000002,3.0162000000000013,1,1
CHEMBL2336353,active,8.143875555757699,239.27400000000003,3.0441000000000016,2,2
CHEMBL2336355,active,8.137272471682026,253.30100000000002,3.347100000000001,1,2
CHEMBL2336357,active,8.20690839982342,253.30100000000004,3.347100000000001,1,2
CHEMBL2336358,active,8.131943638176958,237.30200000000002,3.6469200000000015,1,1
CHEMBL2336359,active,8.195179321278838,237.30200000000005,3.6469200000000015,1,1
CHEMBL2336361,active,7.988852639224202,241.26500000000001,3.4776000000000016,1,1
CHEMBL2336362,active,8.123782159408357,239.27400000000003,3.0441000000000003,2,2
CHEMBL2336363,active,8.120904120499928,253.30100000000002,2.721800000000001,2,2
CHEMBL2336364,active,8.11747546204512,267.328,2.7643000000000013,2,2
CHEMBL2336365,active,8.243363891754152,255.27300000000002,2.7497000000000003,3,3
CHEMBL2336779,active,8.47237009912866,255.27300000000002,2.7497,3,3
CHEMBL2336780,active,8.235077015350111,269.3,3.0527000000000006,2,3
CHEMBL2336782,active,8.465973893943865,269.3,3.0527000000000006,2,3
CHEMBL2336783,active,8.228412519118745,253.30100000000002,3.352520000000002,2,2
CHEMBL2336785,active,8.454692883534175,253.30100000000004,3.352520000000002,2,2
CHEMBL2336786,active,8.095825631715837,257.264,3.183200000000001,2,2
CHEMBL2336788,active,8.108462542327436,257.264,3.183200000000001,2,2
CHEMBL2336789,active,8.079876673709276,273.71900000000005,3.6975000000000016,2,2
CHEMBL2337691,active,7.017728766960431,336.36899999999997,1.0493,3,5
CHEMBL2380401,active,8.886056647693163,407.5170000000001,2.1607000000000003,2,5
CHEMBL2380403,active,8.638272163982407,463.6250000000001,2.7855000000000008,3,6
CHEMBL2385084,active,7.67778070526608,547.5110000000002,4.293000000000002,4,5
CHEMBL2385441,active,8.154901959985743,481.50500000000017,3.533500000000002,4,4
CHEMBL2385442,active,8.958607314841775,589.4110000000002,3.9990000000000023,4,4
CHEMBL2385443,active,7.958607314841775,493.5410000000002,3.4030000000000014,4,5
CHEMBL2385444,active,7.013228265733755,521.5950000000003,4.181600000000002,4,5
CHEMBL2385445,active,6.337242168318426,535.6220000000003,4.4292000000000025,4,5
CHEMBL2385446,active,7.107905397309519,482.49300000000017,2.9285000000000005,4,5
CHEMBL2385447,active,7.769551078621726,482.49300000000017,2.9285000000000005,4,5
CHEMBL2385449,active,7.42021640338319,482.49300000000017,2.9285000000000005,4,5
CHEMBL2385450,active,6.638272163982407,454.9350000000002,4.462500000000003,3,3
CHEMBL2385451,active,7.0,466.51500000000016,3.9430000000000023,3,5
CHEMBL241405,active,6.214670164989233,374.3450000000001,1.8497000000000001,4,8
CHEMBL242104,active,6.9754322428039615,225.273,0.5678999999999998,3,4
CHEMBL2425930,active,8.522878745280337,598.6790000000002,1.4674000000000011,2,9
CHEMBL2425931,active,8.397940008672037,355.42,1.8260199999999998,2,5
CHEMBL2425932,active,8.522878745280337,441.52900000000005,1.7095199999999997,2,6
CHEMBL2425933,active,9.397940008672036,633.7400000000005,1.3599200000000033,2,11
CHEMBL2425934,active,8.221848749616356,548.6410000000002,2.743220000000001,2,8
CHEMBL2425935,active,8.397940008672037,403.43600000000015,1.8659000000000001,2,6
CHEMBL2425936,active,8.698970004336019,489.5450000000002,1.7494,2,7
CHEMBL2425937,active,8.0,681.7560000000003,1.3998000000000053,2,12
CHEMBL2425938,active,9.096910013008056,596.657,2.783100000000001,2,9
CHEMBL2425939,active,8.522878745280337,616.6690000000001,1.4649000000000012,3,9
CHEMBL2425940,active,7.958607314841775,630.6960000000001,1.8071000000000002,2,9
CHEMBL2425941,active,10.154901959985745,373.4060000000001,1.07918,2,6
CHEMBL2425942,active,8.154901959985743,461.49100000000016,1.3167999999999993,2,7
CHEMBL2425943,active,9.69897000433602,593.6500000000002,1.3666000000000011,2,10
CHEMBL2425944,active,9.69897000433602,686.7350000000001,2.0102000000000007,2,12
CHEMBL2425946,active,8.221848749616356,371.41900000000004,1.5261999999999998,2,6
CHEMBL2425947,active,10.154901959985745,457.5280000000001,1.4096999999999997,2,7
CHEMBL2425948,active,8.698970004336019,649.7390000000005,1.0601000000000051,2,12
CHEMBL2425949,active,9.522878745280336,564.6400000000001,2.4433999999999996,2,9
CHEMBL2425950,active,9.221848749616356,584.6520000000002,1.1252000000000002,3,9
CHEMBL2430286,active,8.387216143280265,766.7560000000001,2.320600000000004,6,13
CHEMBL2431015,active,7.221848749616356,415.265,1.8117999999999999,3,5
CHEMBL2431016,active,6.958607314841775,354.359,1.1883999999999997,3,5
CHEMBL2431017,active,7.119186407719209,420.365,1.9479,3,6
CHEMBL2431018,active,6.036212172654444,412.46700000000004,2.7163000000000004,3,5
CHEMBL2431019,inactive,4.537602002101044,387.41700000000003,1.5974999999999997,3,6
CHEMBL2431020,active,6.481486060122112,372.349,1.3274999999999997,3,5
CHEMBL2431021,inactive,4.292429823902063,494.161,2.5743,3,5
CHEMBL2431026,inactive,4.958607314841775,671.364,4.259400000000002,4,7
CHEMBL2431029,active,8.853871964321762,415.265,1.8117999999999999,3,5
CHEMBL2431030,active,7.376750709602099,354.359,1.1883999999999997,3,5
CHEMBL2431031,active,7.431798275933005,420.365,1.9478999999999997,3,6
CHEMBL2431032,active,6.161150909262744,412.46700000000004,2.7163000000000004,3,5
CHEMBL2435340,inactive,4.6020599913279625,320.34800000000007,2.6826,2,3
CHEMBL2440431,inactive,4.259637310505756,393.656,3.183200000000002,5,4
CHEMBL2440432,inactive,4.060480747381382,438.107,3.292300000000002,5,4
CHEMBL2440441,inactive,4.522878745280337,346.01,1.5,5,3
CHEMBL2440578,inactive,4.698970004336019,312.111,0.6456999999999995,5,5
CHEMBL253313,active,7.638272163982407,263.293,1.8138999999999996,2,4
CHEMBL253694,inactive,4.610833915635467,312.119,1.9935,2,4
CHEMBL255374,inactive,4.6020599913279625,335.35900000000004,3.250820000000002,2,4
CHEMBL261713,active,7.012333735073725,420.4900000000002,3.388000000000001,3,4
CHEMBL262397,active,7.42021640338319,1115.2980000000005,4.863000000000012,8,14
CHEMBL266292,active,7.279840696594043,387.4140000000001,-0.6038999999999985,2,7
CHEMBL267178,active,8.096910013008056,393.4650000000001,1.8110999999999997,2,6
CHEMBL267603,inactive,4.657577319177793,603.5960000000001,0.10350000000000259,8,11
CHEMBL267854,inactive,4.785156151952302,267.66799999999995,1.8843999999999996,2,4
CHEMBL267939,active,8.744727494896694,463.51200000000017,1.6023999999999996,2,7
CHEMBL268114,active,8.259637310505756,473.5330000000002,-0.6119999999999974,2,8
CHEMBL268377,active,8.3767507096021,371.4150000000001,0.15810000000000046,2,6
CHEMBL269019,active,8.481486060122112,411.48000000000013,1.0824000000000003,2,6
CHEMBL273764,active,7.67778070526608,471.37300000000005,3.8805200000000015,2,5
CHEMBL275362,active,8.146301788223825,255.27300000000002,2.7497000000000007,3,3
CHEMBL278060,active,7.823908740944319,453.314,2.7136200000000006,2,5
CHEMBL278872,active,8.698970004336019,512.4260000000003,3.211000000000002,2,6
CHEMBL279786,active,9.078313524516398,477.65200000000016,3.0976,4,6
CHEMBL290632,inactive,4.274088367704952,866.7810000000004,4.443900000000016,15,18
CHEMBL296761,active,9.69897000433602,542.7230000000002,5.206400000000004,2,6
CHEMBL296911,active,8.602059991327963,466.6250000000001,3.5394000000000014,2,6
CHEMBL305729,active,6.625251653989896,410.5150000000001,1.4554000000000016,2,5
CHEMBL306412,active,7.982966660701219,315.41400000000004,0.8210999999999995,4,4
CHEMBL307192,active,7.229147988357855,436.55300000000034,1.9895999999999991,2,5
CHEMBL3085322,active,6.399027104313252,309.38700000000006,1.7263,2,4
CHEMBL309492,active,8.522878745280337,446.56900000000024,3.179400000000001,2,6
CHEMBL3098991,inactive,4.958607314841775,404.47300000000007,5.592920000000004,2,4
CHEMBL3098994,inactive,4.769551078621726,404.4730000000001,5.592920000000004,2,4
CHEMBL3098996,inactive,4.795880017344075,404.4730000000001,5.592920000000003,2,4
CHEMBL3098997,inactive,4.318758762624412,404.4730000000001,5.592920000000003,2,4
CHEMBL3098998,inactive,4.301029995663981,404.4730000000001,5.592920000000003,2,4
CHEMBL311932,active,7.669586226650809,316.379,0.8472999999999993,2,5
CHEMBL316332,active,8.045757490560675,494.6390000000003,0.14520000000000022,4,7
CHEMBL317132,active,9.221848749616356,464.9090000000002,3.702600000000002,2,6
CHEMBL317508,active,9.221848749616356,455.4740000000001,2.9208799999999995,2,7
CHEMBL318795,active,6.655607726314889,444.4870000000002,3.9304000000000023,2,5
CHEMBL320402,active,8.602059991327963,466.6250000000001,3.5394000000000014,2,6
CHEMBL3221177,active,9.275724130399212,539.4840000000003,4.308300000000003,2,7
CHEMBL3221178,active,9.494850021680094,475.4410000000002,3.546400000000003,1,7
CHEMBL3221179,active,8.259637310505756,519.4940000000001,3.9090000000000025,1,8
CHEMBL322412,active,8.036212172654444,448.5410000000001,2.4326999999999996,2,6
CHEMBL322888,active,7.301029995663981,358.416,0.20820000000000094,3,6
CHEMBL323148,active,6.701146923590294,425.4850000000002,2.9167000000000014,2,5
CHEMBL323371,active,9.0,430.46400000000017,3.049200000000001,2,6
CHEMBL323575,active,8.356547323513812,494.6350000000003,3.1579000000000006,2,7
CHEMBL323612,active,7.886056647693163,368.3860000000001,2.1803,3,5
CHEMBL325749,active,8.106238237942057,267.328,2.7643000000000013,2,2
CHEMBL326489,active,6.251811972993799,573.7340000000003,5.488720000000004,4,5
CHEMBL327262,active,7.397940008672037,455.62400000000014,2.5318999999999994,4,4
CHEMBL329002,active,7.522878745280337,407.5800000000001,1.9451999999999987,4,4
CHEMBL329145,active,7.045757490560675,365.4990000000001,0.9205999999999988,4,4
CHEMBL329617,inactive,4.958607314841775,218.212,0.31030000000000013,2,3
CHEMBL333729,active,8.4089353929735,485.5400000000002,0.6206000000000002,2,8
CHEMBL334107,active,6.995678626217357,597.7560000000003,3.5973000000000015,2,8
CHEMBL3350246,active,6.0,351.46799999999996,3.040700000000001,2,4
CHEMBL3350758,active,8.795880017344075,1151.357999999999,10.163299999999996,3,13
CHEMBL3355722,active,7.709965388637482,463.5790000000003,0.370800000000004,6,6
CHEMBL3355723,active,7.501689446210399,585.6770000000002,1.981200000000001,6,6
CHEMBL3358155,inactive,5.0,390.80800000000005,2.007399999999999,3,6
CHEMBL3358156,inactive,4.769551078621726,387.78300000000013,1.2843999999999998,3,5
CHEMBL3358158,inactive,4.187086643357144,421.3350000000001,1.6497999999999997,3,5
CHEMBL3359657,active,7.357535479757878,470.5550000000002,1.4015999999999995,3,8
CHEMBL3359658,active,6.460422116654691,498.60900000000026,2.1801999999999992,3,8
CHEMBL3392650,active,7.086186147616283,414.50500000000017,0.4512,3,7
CHEMBL3408913,active,7.637140697041319,426.47600000000006,2.75692,2,4
CHEMBL342210,active,8.443697499232712,406.4820000000001,0.15700000000000125,2,7
CHEMBL351806,active,6.508638306165727,381.4530000000001,3.3278000000000016,2,3
CHEMBL355752,active,7.488116639021126,332.34000000000003,2.6159,2,3
CHEMBL3585679,inactive,4.387640052032226,360.36500000000007,3.355100000000001,4,4
CHEMBL3585760,inactive,4.0,364.4230000000002,2.1443000000000003,1,5
CHEMBL3585761,active,8.337242168318426,379.43800000000016,1.5650999999999993,2,6
CHEMBL3585762,active,6.154901959985743,379.43800000000016,1.5650999999999993,2,6
CHEMBL3585763,inactive,4.0,382.4130000000001,2.0939,1,5
CHEMBL3585764,inactive,4.0,382.4130000000001,2.0939,1,5
CHEMBL3585765,active,7.910094888560602,397.4280000000001,1.5146999999999995,2,6
CHEMBL3585766,active,8.522878745280337,397.4280000000001,1.5146999999999995,2,6
CHEMBL3585768,inactive,4.0,376.43400000000014,2.3104000000000005,1,5
CHEMBL3585769,active,9.267606240177033,391.4490000000001,1.7311999999999992,2,6
CHEMBL3585770,active,8.193820026016112,391.4490000000001,1.7311999999999992,2,6
CHEMBL3585771,inactive,4.0,394.42400000000015,2.6076000000000006,1,5
CHEMBL3585772,inactive,4.0,394.42400000000015,2.6076000000000006,1,5
CHEMBL3585773,active,8.080921907623926,409.4390000000002,2.0284,2,6
CHEMBL3585774,active,8.309803919971486,409.4390000000002,2.0284,2,6
CHEMBL3589199,inactive,4.301029995663981,478.4060000000002,-0.23589999999999972,7,12
CHEMBL3617400,active,8.045757490560675,511.6000000000002,3.378400000000002,3,6
CHEMBL3617401,active,8.065501548756432,485.5840000000002,1.4976000000000023,3,7
CHEMBL3617402,active,8.187086643357144,449.52900000000017,2.0845,3,6
CHEMBL3617403,active,8.193820026016112,525.6270000000002,3.3073000000000015,3,6
CHEMBL3617404,active,8.698970004336019,479.5550000000002,2.0930999999999997,3,7
CHEMBL3617405,active,8.537602002101044,555.6530000000002,3.315900000000001,3,7
CHEMBL3617407,active,9.366531544420411,567.6200000000003,3.2532000000000014,2,8
CHEMBL3618461,active,6.148925194771113,321.423,2.9502000000000015,1,5
CHEMBL3618462,active,6.079354998593212,321.423,2.9502000000000015,1,5
CHEMBL3618463,active,6.169283050563102,363.46000000000004,3.3264000000000022,1,5
CHEMBL3618464,active,6.36794783329419,363.46000000000004,3.3264000000000022,1,5
CHEMBL3621216,inactive,4.921905849593589,461.97400000000016,5.496300000000004,1,4
CHEMBL3622219,inactive,4.962972120244225,427.52900000000017,4.842900000000004,1,4
CHEMBL3622224,inactive,4.890421453095613,553.4250000000001,5.447500000000004,1,4
CHEMBL3622225,inactive,4.796967112985289,441.5560000000002,5.151320000000004,1,4
CHEMBL3622787,inactive,4.471726222832956,427.52900000000017,4.842900000000004,1,4
CHEMBL3622793,inactive,4.857297754262384,506.4250000000001,5.605400000000005,1,4
CHEMBL3622796,inactive,4.722161666997953,457.5550000000002,4.851500000000004,1,5
CHEMBL3622797,inactive,4.737311655698304,471.58200000000016,5.2416000000000045,1,5
CHEMBL3622798,inactive,4.703115524461453,445.5190000000001,4.982000000000004,1,4
CHEMBL362651,active,7.795880017344075,541.6260000000002,3.8748000000000022,3,7
CHEMBL362678,active,7.886056647693163,406.5040000000001,3.2143000000000015,2,5
CHEMBL3633818,active,6.229147988357855,570.4760000000001,3.275900000000002,3,6
CHEMBL3633819,active,7.221848749616356,570.4760000000001,3.275900000000002,3,6
CHEMBL367524,active,6.157390760389438,308.33700000000005,2.3673999999999995,2,3
CHEMBL370129,active,7.67778070526608,370.45200000000006,0.7001999999999998,2,6
CHEMBL370685,active,9.0,501.38100000000026,2.8287000000000004,2,6
CHEMBL370825,active,6.655607726314889,452.5330000000002,0.7308000000000016,2,6
CHEMBL371600,active,7.853871964321762,502.3690000000002,1.3790000000000002,3,7
CHEMBL372263,active,6.259637310505756,607.581,4.170100000000003,2,6
CHEMBL372705,active,7.244125144327507,580.3950000000001,3.533100000000002,2,8
CHEMBL372908,active,7.1487416512809245,411.4360000000001,0.03540000000000154,2,7
CHEMBL372914,active,8.0,661.294,4.2295000000000025,2,6
CHEMBL373532,active,6.94692155651658,355.4380000000001,1.5659999999999998,3,4
CHEMBL373721,active,6.481486060122112,400.84000000000015,1.9764999999999997,2,6
CHEMBL373831,active,7.744727494896693,428.51000000000016,2.012499999999999,2,6
CHEMBL374377,active,7.229147988357855,387.369,2.9308000000000023,3,3
CHEMBL3751997,active,7.721246399047171,445.4490000000001,3.6742000000000035,3,4
CHEMBL3752564,active,8.053056729302174,399.40500000000003,2.800300000000002,3,4
CHEMBL3752747,active,6.405607449624574,388.357,2.325800000000001,3,4
CHEMBL375319,active,6.924453038607469,329.41800000000006,2.313300000000001,2,5
CHEMBL3753984,inactive,4.585026652029182,320.37,1.5273999999999996,3,4
CHEMBL3754094,active,8.275724130399212,404.5320000000001,3.530300000000002,2,4
CHEMBL375418,active,7.113509274827518,341.41100000000006,1.1759,3,4
CHEMBL3754243,active,7.732828271596986,431.4220000000001,3.1400000000000023,3,4
CHEMBL3754302,active,7.015922966097169,521.5470000000003,5.052600000000006,2,4
CHEMBL376557,active,7.67778070526608,403.824,3.4451000000000027,3,3
CHEMBL3770935,inactive,4.619788758288394,411.5090000000002,0.11380000000000084,2,7
CHEMBL377112,active,9.221848749616356,525.5040000000002,5.216600000000004,1,5
CHEMBL377317,active,6.718966632752272,471.53500000000025,1.6853999999999993,2,7
CHEMBL377700,inactive,4.998699066979582,386.4220000000001,4.741800000000004,1,2
CHEMBL377862,active,6.042392712939905,484.5740000000003,2.59882,2,6
CHEMBL378188,inactive,4.985899678480379,552.4910000000003,5.437000000000006,5,10
CHEMBL378740,inactive,4.99978290702777,352.83900000000006,4.0340000000000025,1,3
CHEMBL378878,active,7.275724130399211,467.4740000000002,3.4059000000000026,1,5
CHEMBL379220,active,9.096910013008056,469.5620000000002,4.880400000000003,1,4
CHEMBL3792842,active,8.11069829749369,481.5720000000003,3.3536,5,4
CHEMBL3792940,active,7.869023308394382,463.5820000000003,3.214500000000001,5,4
CHEMBL3793480,active,7.563519304990505,542.4780000000002,3.977000000000001,5,4
CHEMBL3794512,active,6.809136266871255,505.6190000000003,3.590700000000001,5,4
CHEMBL379653,active,6.943095148663527,497.95600000000013,4.310300000000003,1,5
CHEMBL379763,active,7.721246399047171,486.61200000000036,1.5798999999999999,2,7
CHEMBL380049,active,6.228412519118745,408.4760000000002,0.9964999999999999,2,6
CHEMBL381224,active,6.600326278518962,463.5370000000001,1.1708999999999998,2,7
CHEMBL382227,active,8.853871964321762,498.9440000000002,3.341000000000002,2,6
CHEMBL3827073,active,6.308034897232639,452.53200000000015,3.181700000000001,3,4
CHEMBL3827243,active,6.055517327849831,486.9770000000002,3.8351000000000024,3,4
CHEMBL3827250,active,6.145754702933882,418.5150000000001,2.781600000000001,3,4
CHEMBL3827306,inactive,4.947690900352677,404.4880000000001,2.3914999999999997,3,4
CHEMBL3827615,active,6.196542884351587,444.5530000000003,3.3142000000000023,3,4
CHEMBL3828088,inactive,4.415114951054475,376.4340000000001,1.6113000000000002,3,4
CHEMBL382975,active,7.920818753952375,398.5060000000001,1.4787999999999997,2,6
CHEMBL383193,active,8.795880017344075,491.56500000000017,4.3902000000000045,1,5
CHEMBL385312,active,6.8297382846050425,442.53700000000026,2.4026000000000005,2,6
CHEMBL38851,active,6.183758700008217,282.299,2.49958,2,4
CHEMBL388982,active,6.543633966870956,374.4590000000001,1.9459999999999995,2,6
CHEMBL3889936,active,8.275724130399212,548.6210000000003,3.1660000000000013,3,7
CHEMBL3891386,active,8.259637310505756,913.0880000000002,4.9220000000000095,6,10
CHEMBL3900422,active,8.602059991327963,495.60100000000017,3.304300000000003,3,5
CHEMBL3932562,active,8.327902142064282,549.6090000000003,2.3284,5,7
CHEMBL3944931,active,7.387216143280264,925.1430000000003,5.504800000000011,4,9
CHEMBL3951740,active,7.468521082957745,910.1280000000003,6.0840000000000085,3,8
CHEMBL3958969,active,7.142667503568731,543.6020000000002,1.3117000000000005,4,8
CHEMBL3960452,active,7.585026652029182,883.0580000000003,6.080400000000007,4,8
CHEMBL396296,inactive,4.823908740944319,616.6390000000004,0.4167000000000039,7,12
CHEMBL3971135,active,7.443697499232712,534.5940000000003,2.9076000000000004,4,6
CHEMBL3971551,active,6.292429823902063,480.5860000000002,3.8835000000000024,2,4
CHEMBL40143,active,6.920818753952375,481.42700000000013,3.177600000000001,2,6
CHEMBL4088630,active,9.045757490560677,360.45700000000005,1.0852999999999997,2,6
CHEMBL4097165,inactive,4.721246399047171,381.3100000000001,2.1695999999999995,3,4
CHEMBL415482,active,9.0,433.4860000000001,0.9923999999999997,2,6
CHEMBL416173,active,6.410050398674292,509.42200000000014,4.274020000000003,2,5
CHEMBL418737,active,6.0670191780768015,529.4120000000004,4.132120000000002,2,5
CHEMBL4202778,inactive,4.473660722610156,853.1419999999999,9.331640000000002,4,5
CHEMBL4202989,inactive,4.083019952679618,681.6930000000001,7.1957000000000075,3,4
CHEMBL4203206,inactive,4.316052869248487,861.068,8.993000000000002,4,5
CHEMBL4203717,inactive,4.238072161579471,885.1400000000001,8.732000000000005,4,7
CHEMBL420657,active,9.045757490560677,480.6080000000001,2.3691000000000004,3,7
CHEMBL4206592,inactive,4.737074530668169,440.4510000000002,4.425000000000003,4,6
CHEMBL4206821,inactive,4.018181392829336,602.7970000000001,6.4332000000000065,3,4
CHEMBL4206886,inactive,4.27083521030723,825.088,8.714800000000006,4,5
CHEMBL4206956,inactive,4.607478910068068,484.55100000000016,7.452000000000009,3,4
CHEMBL4207046,inactive,4.7447274948966935,427.5470000000001,4.131700000000003,1,5
CHEMBL4207542,inactive,4.679853713888946,853.1420000000002,9.331640000000002,4,5
CHEMBL4208646,inactive,4.533577277566208,554.5070000000003,5.370100000000006,5,10
CHEMBL4210206,active,6.920818753952375,365.454,4.561300000000003,2,4
CHEMBL4210262,inactive,4.440093374963888,632.8230000000002,6.441800000000007,3,5
CHEMBL4210975,inactive,4.262807357295263,885.1400000000001,8.732000000000005,4,7
CHEMBL4211189,inactive,4.139063379299906,620.7870000000001,6.5723000000000065,3,4
CHEMBL4211258,inactive,4.078833949362261,885.14,8.732000000000005,4,7
CHEMBL4211480,inactive,4.443576878628715,346.338,3.6662000000000017,2,5
CHEMBL4211708,inactive,4.250263684430939,885.14,8.732000000000006,4,7
CHEMBL4211771,inactive,4.031050319018657,982.8799999999995,10.239799999999994,4,5
CHEMBL4212208,inactive,4.301029995663981,481.51700000000005,5.021700000000004,1,5
CHEMBL4212449,inactive,4.176525770829699,861.068,8.993000000000002,4,5
CHEMBL421295,active,8.277366077466187,271.272,2.4553000000000007,4,4
CHEMBL4213048,inactive,4.427593132441944,554.5070000000004,5.370100000000007,5,10
CHEMBL4213804,inactive,4.458420756053419,853.142,9.331640000000002,4,5
CHEMBL4213983,inactive,4.844663962534939,454.5000000000002,4.228000000000002,2,5
CHEMBL4214269,active,6.080921907623926,350.439,5.140500000000004,1,3
CHEMBL4214436,inactive,4.357535479757878,885.14,8.732000000000006,4,7
CHEMBL4215930,inactive,4.287350298372789,853.1420000000002,9.331640000000002,4,5
CHEMBL4216008,inactive,4.610833915635467,513.5150000000002,3.7033000000000023,1,6
CHEMBL4216154,inactive,4.562249437179612,853.1419999999999,9.331640000000002,4,5
CHEMBL4216220,inactive,4.614393726401688,825.088,8.714800000000006,4,5
CHEMBL4216342,inactive,4.594653639824291,556.5230000000004,5.303200000000007,5,10
CHEMBL421666,inactive,4.376750709602099,330.41200000000003,5.215600000000003,1,3
CHEMBL4218730,inactive,4.284832642151542,885.14,8.732000000000005,4,7
CHEMBL4238489,active,6.280668713016274,497.4640000000002,0.39650000000000085,3,9
CHEMBL4241167,active,6.616184634019569,539.5260000000002,1.3204999999999996,3,9
CHEMBL4245382,active,6.790484985457369,539.5260000000002,1.3204999999999998,3,9
CHEMBL4249544,active,6.411168274405792,497.4640000000002,0.39650000000000085,3,9
CHEMBL427616,active,9.30102999566398,499.56700000000023,0.6631000000000011,2,8
CHEMBL4279699,active,6.2839966563652006,611.7390000000005,0.3716000000000031,6,9
CHEMBL4282849,active,6.055517327849831,765.8600000000002,2.000700000000003,3,13
CHEMBL4285334,inactive,4.795880017344075,313.36,4.482200000000002,2,2
CHEMBL4286237,active,6.050609993355087,550.6300000000001,1.0513000000000003,4,8
CHEMBL4291027,active,7.494850021680094,737.8500000000003,2.0840000000000023,3,12
CHEMBL4303669,inactive,4.2839966563652006,272.09,-1.1154000000000002,5,4
CHEMBL431268,active,7.301029995663981,469.6510000000002,2.9219999999999997,4,4
CHEMBL434567,active,6.368556230986828,413.4740000000002,2.0448000000000004,2,5
CHEMBL435690,active,8.698970004336019,459.3000000000002,1.7078999999999998,3,6
CHEMBL436324,active,7.853871964321762,353.4,-0.4433999999999987,3,6
CHEMBL436326,active,7.585026652029182,566.2500000000001,2.815200000000001,2,6
CHEMBL437017,active,8.167491087293763,419.4590000000001,0.9498999999999999,2,6
CHEMBL438832,inactive,4.221125527997261,416.44000000000017,2.9239000000000015,2,7
CHEMBL439944,active,8.619788758288394,329.4410000000001,1.0670999999999995,4,4
CHEMBL440498,active,9.958607314841776,425.8900000000002,3.2082000000000015,2,6
CHEMBL441662,active,8.431798275933005,402.53800000000007,2.2556000000000003,2,6
CHEMBL442057,active,6.431798275933005,360.4320000000001,1.5558999999999994,2,6
CHEMBL4436740,inactive,4.1938200260161125,435.36200000000014,1.9582199999999998,3,5
CHEMBL4442617,active,8.903089986991944,828.9260000000003,2.9654000000000016,8,10
CHEMBL4444377,active,9.040958607678906,369.44200000000006,2.5342000000000002,2,4
CHEMBL4448558,active,7.327902142064282,388.445,2.3867000000000003,3,5
CHEMBL4450729,inactive,4.3872161432802645,435.3620000000001,2.1327,3,5
CHEMBL445971,active,7.096910013008056,399.51500000000016,2.7395000000000014,1,6
CHEMBL4461597,active,9.119186407719209,414.31000000000006,4.108200000000003,2,4
CHEMBL4466038,active,8.060480747381382,999.1380000000003,2.7582000000000066,10,12
CHEMBL446702,active,8.309803919971486,463.51100000000014,3.5752200000000025,1,5
CHEMBL448246,active,6.795880017344075,293.363,2.6893000000000002,2,3
CHEMBL45162,active,8.096910013008056,572.7490000000003,5.118400000000004,2,7
CHEMBL4517346,active,6.356547323513812,360.46400000000006,4.285620000000002,2,7
CHEMBL4518217,active,7.853871964321762,1235.3200000000004,4.999800000000006,6,16
CHEMBL451902,inactive,4.583692412940118,552.4910000000003,5.4370000000000065,5,10
CHEMBL452083,active,6.823908740944319,349.4310000000001,1.0176999999999996,4,4
CHEMBL4522121,active,7.455931955649724,551.6210000000003,3.813100000000002,4,7
CHEMBL4531635,active,6.2839966563652006,418.47100000000006,2.8831000000000016,3,6
CHEMBL4535400,active,9.913640169325252,433.44200000000006,2.2949,3,7
CHEMBL45357,active,8.154901959985743,344.43300000000005,1.6258999999999995,2,5
CHEMBL4580198,active,6.180456064458131,397.9060000000001,4.882500000000004,3,4
CHEMBL4584813,active,8.67778070526608,1405.532,4.7926000000000135,8,18
CHEMBL4585243,active,6.337242168318426,505.5710000000005,3.5969000000000024,1,7
CHEMBL4585478,active,7.657577319177793,299.34799999999996,1.1429999999999996,2,5
CHEMBL458649,active,7.84163750790475,472.60700000000014,3.7169000000000016,3,5
CHEMBL4589438,inactive,4.853871964321762,401.8100000000001,1.7672999999999999,3,5
CHEMBL4632444,inactive,4.167491087293763,341.41400000000004,4.801200000000003,2,2
CHEMBL4632565,inactive,4.560746275982102,355.44100000000003,5.109620000000003,2,2
CHEMBL4633293,active,7.327902142064282,396.434,3.2383000000000006,2,4
CHEMBL4633399,inactive,4.838631997765025,420.31000000000006,5.563700000000003,2,2
CHEMBL4635076,inactive,5.0,318.13,3.9006000000000016,1,3
CHEMBL4635438,inactive,4.684029654543083,331.16900000000004,3.7790000000000026,1,3
CHEMBL4636104,inactive,4.423658649794207,355.44100000000003,4.5108200000000025,2,2
CHEMBL4636483,inactive,4.546681659952962,327.38700000000006,4.790620000000003,2,2
CHEMBL4637645,active,7.221848749616356,380.43500000000006,3.6198000000000023,2,3
CHEMBL4637824,inactive,4.939302159646388,420.31000000000006,5.563700000000003,2,2
CHEMBL4638748,inactive,4.221848749616356,355.44100000000003,5.109620000000003,2,2
CHEMBL4639311,inactive,4.838631997765025,372.38400000000007,4.698820000000003,2,4
CHEMBL4639945,inactive,4.236572006437063,434.33700000000005,5.953800000000004,2,2
CHEMBL4640215,inactive,4.698970004336019,373.3680000000001,4.963720000000003,1,5
CHEMBL4640244,inactive,4.366531544420414,355.4410000000001,5.1913000000000045,2,2
CHEMBL4640667,inactive,4.494850021680094,392.25600000000003,5.2447000000000035,2,2
CHEMBL4640970,inactive,4.221848749616356,355.44100000000003,5.109620000000003,2,2
CHEMBL4642399,inactive,4.657577319177793,253.26100000000002,3.4465200000000014,1,3
CHEMBL4643048,active,7.585026652029182,410.461,3.628400000000001,2,4
CHEMBL4643922,inactive,4.3872161432802645,392.25600000000003,5.244700000000002,2,2
CHEMBL4644146,inactive,4.413412695328245,369.468,5.499720000000004,2,2
CHEMBL4645291,inactive,4.436518914605589,253.26100000000002,3.4465200000000014,1,3
CHEMBL4646265,inactive,4.663540266151471,288.14799999999997,3.574600000000001,2,2
CHEMBL4646530,inactive,4.494850021680094,229.19500000000002,2.7311000000000005,1,4
CHEMBL4647123,inactive,4.97061622231479,372.38400000000007,4.698820000000003,2,4
CHEMBL4647266,inactive,4.537602002101044,341.41400000000004,4.801200000000003,2,2
CHEMBL4647857,inactive,4.568636235841013,317.142,3.6906000000000017,2,2
CHEMBL4648156,inactive,4.7447274948966935,254.245,3.7114200000000013,0,4
CHEMBL464825,active,6.6020599913279625,422.3420000000001,-0.7165000000000005,8,11
CHEMBL4648603,active,6.910094888560602,366.408,3.229700000000001,2,3
CHEMBL472915,active,6.443697499232712,440.45600000000013,1.0168999999999997,3,7
CHEMBL473361,inactive,4.247951552180561,239.23400000000004,3.1381000000000006,1,3
CHEMBL473539,active,9.585026652029182,422.5280000000001,2.8689999999999998,2,6
CHEMBL4741120,active,7.309803919971486,500.5740000000003,0.7533000000000009,4,8
CHEMBL4741270,inactive,4.267606240177032,362.4320000000001,6.091900000000003,2,2
CHEMBL4747482,inactive,4.425968732272281,376.4590000000001,6.400320000000005,2,2
CHEMBL4750308,active,7.657577319177793,300.33599999999996,0.35369999999999957,2,5
CHEMBL4751596,inactive,4.0655015487564325,380.4470000000001,6.301740000000005,2,3
CHEMBL4752635,active,8.244125144327509,443.5260000000003,-1.0952999999999955,5,8
CHEMBL4753407,active,7.568636235841012,543.6430000000005,0.4707000000000031,5,9
CHEMBL4753504,inactive,4.688246138944246,452.5100000000002,6.117700000000005,2,5
CHEMBL475540,inactive,4.853871964321762,363.3910000000001,1.9499000000000002,3,4
CHEMBL4756447,inactive,4.657577319177793,392.4580000000001,6.100500000000005,2,3
CHEMBL4756766,active,7.275724130399211,400.45700000000016,-0.8126999999999971,4,7
CHEMBL4757741,inactive,4.494850021680094,392.4580000000001,6.100500000000004,2,3
CHEMBL4758787,inactive,4.79317412396815,368.46100000000007,6.153400000000003,2,3
CHEMBL4765192,active,6.8124792791635365,429.49900000000025,-1.4853999999999954,5,8
CHEMBL47728,active,9.69897000433602,436.59900000000016,3.6274000000000024,2,5
CHEMBL4777311,inactive,4.00436480540245,380.4220000000001,6.231000000000003,2,2
CHEMBL477841,inactive,4.939302159646388,256.286,3.871500000000001,0,4
CHEMBL4780030,active,8.254925208417943,479.53600000000023,5.5461000000000045,1,4
CHEMBL4780220,active,6.508638306165727,595.6880000000002,2.4863000000000017,4,6
CHEMBL4780502,inactive,4.055517327849832,405.50100000000015,6.157900000000004,2,3
CHEMBL4781893,inactive,4.696803942579511,386.4510000000001,6.292500000000003,2,3
CHEMBL4788683,active,8.127261172527332,564.4760000000002,6.548600000000004,1,6
CHEMBL4789542,active,7.886056647693163,383.4700000000001,0.8284000000000008,3,6
CHEMBL4790362,active,7.008773924307505,428.5110000000002,-0.03409999999999802,4,7
CHEMBL4791180,active,6.882728704344236,528.6280000000002,1.5319000000000027,4,8
CHEMBL4792262,active,8.347753658996677,577.3780000000002,6.226200000000004,1,4
CHEMBL4794200,inactive,4.002176919254275,342.442,5.560300000000003,2,2
CHEMBL4800543,inactive,4.552841968657781,377.4470000000001,5.674100000000003,3,3
CHEMBL481599,inactive,4.7544873321858505,230.267,2.602720000000001,2,3
CHEMBL483857,active,6.3979400086720375,306.408,3.368000000000002,0,4
CHEMBL4852596,active,8.075358952582837,443.5320000000001,3.0051000000000005,3,4
CHEMBL4854379,active,9.244125144327509,408.63300000000015,3.4587000000000026,3,4
CHEMBL485492,active,6.276462238467943,363.46000000000004,3.3264000000000022,1,5
CHEMBL4862110,active,8.3465945093355,380.40400000000005,1.7645999999999997,2,5
CHEMBL4869361,inactive,4.130768280269024,424.4282035560001,2.4823199999999996,3,5
CHEMBL4871376,active,8.294649537114289,367.434,0.8517000000000008,3,4
CHEMBL4872688,active,6.958607314841775,401.4480000000001,1.8156,2,6
CHEMBL4878125,active,8.03147035562516,310.353,1.3404999999999998,2,4
CHEMBL488617,active,7.958607314841775,577.7070000000001,3.156500000000002,5,5
CHEMBL489100,active,6.410050398674292,476.5770000000001,3.4286200000000013,3,6
CHEMBL495831,inactive,4.920818753952375,483.5460000000003,2.39232,2,7
CHEMBL496628,active,6.165579296318468,456.58700000000016,2.2756999999999996,2,5
CHEMBL498915,active,8.070581074285707,624.7200000000001,1.6566999999999998,5,7
CHEMBL50,active,6.0496838360754,302.23800000000006,1.988,5,7
CHEMBL500586,inactive,4.872895201635193,448.3800000000001,0.8799999999999994,6,9
CHEMBL501715,inactive,4.698970004336019,350.41900000000004,0.5630000000000004,5,4
CHEMBL502674,active,7.744727494896693,758.739,6.099800000000005,5,5
CHEMBL504873,inactive,4.845271792559845,624.5920000000006,-1.0159000000000011,9,15
CHEMBL508335,active,8.522878745280337,682.6410000000002,4.432800000000003,5,5
CHEMBL509270,active,6.135488918941608,798.804,7.334300000000007,5,5
CHEMBL509346,active,6.082494490447454,818.7940000000003,6.996700000000006,5,5
CHEMBL5172839,active,6.853871964321762,291.32800000000003,1.6327,2,4
CHEMBL5174280,active,9.152427340857887,452.53200000000015,3.181700000000001,3,4
CHEMBL5175662,active,7.602059991327962,499.67800000000034,1.155300000000002,4,6
CHEMBL5176328,active,7.357535479757878,471.5390000000002,1.8285999999999993,2,8
CHEMBL5177819,active,7.795880017344075,541.6260000000002,3.8748000000000022,3,7
CHEMBL5182207,active,6.742321425130816,986.1589999999999,0.6322000000000003,8,12
CHEMBL5182668,active,8.25649023527157,539.6170000000002,3.9963000000000024,3,6
CHEMBL5187653,active,8.522878745280337,389.49600000000004,1.8198999999999994,4,4
CHEMBL5194517,active,6.096910013008056,531.0300000000003,4.835200000000004,3,5
CHEMBL5196672,active,7.698970004336019,222.18099999999998,0.14359999999999984,4,3
CHEMBL5198463,active,7.008773924307505,504.5680000000003,3.4296000000000015,2,7
CHEMBL5199189,active,7.94692155651658,458.49600000000027,1.7711999999999994,2,8
CHEMBL5205063,active,9.0,476.6640000000001,4.188200000000003,3,6
CHEMBL5205118,inactive,4.3979400086720375,362.4510000000001,2.2140999999999997,3,4
CHEMBL5205275,active,8.924453038607469,390.46100000000007,2.0013999999999994,3,4
CHEMBL5206844,active,8.447210149807217,362.40700000000004,1.3505999999999996,3,4
CHEMBL521719,active,6.238824186844269,357.4540000000002,2.0370999999999997,2,4
CHEMBL522613,inactive,4.826813731587726,254.245,3.711420000000002,0,4
CHEMBL5267304,active,8.0,577.6980000000001,2.1891000000000025,4,6
CHEMBL5267731,active,7.459670525209126,449.55400000000014,3.893320000000003,1,7
CHEMBL5268402,inactive,4.542269451754001,777.8480000000003,9.221700000000002,1,12
CHEMBL5268474,active,6.866461091629782,624.686,0.8058000000000041,4,7
CHEMBL5268799,active,9.366531544420411,566.6320000000003,4.042500000000003,2,8
CHEMBL5269115,active,9.0,571.5770000000002,5.598920000000005,2,6
CHEMBL5269640,active,6.4089353929735005,682.8879999999999,4.027780000000003,0,10
CHEMBL5270698,active,10.036212172654444,465.4020000000001,1.7205999999999997,3,8
CHEMBL5272043,inactive,4.6020599913279625,334.375,2.687900000000001,2,3
CHEMBL5272175,active,8.522878745280337,497.6170000000002,3.600120000000002,2,6
CHEMBL5272906,inactive,4.65033401590337,749.7940000000003,8.441500000000007,1,12
CHEMBL5274327,active,8.987162775294827,506.5880000000001,2.3952999999999998,3,7
CHEMBL5274715,inactive,4.6020599913279625,321.3320000000001,2.9424000000000015,2,4
CHEMBL5275186,inactive,4.6020599913279625,348.40200000000004,2.9963200000000016,2,3
CHEMBL5275421,active,9.096910013008056,506.5440000000003,2.2196,2,9
CHEMBL5276809,active,7.886056647693163,506.02300000000025,6.015800000000006,1,4
CHEMBL5276957,inactive,4.8696662315049934,1128.508,5.759000000000003,8,11
CHEMBL5278145,active,9.468521082957745,545.4920000000002,3.0941,3,7
CHEMBL5278204,active,8.301029995663981,449.52900000000017,1.7799199999999995,2,7
CHEMBL5278767,active,8.698970004336019,523.5330000000001,4.480320000000003,2,6
CHEMBL5280430,active,9.537602002101044,434.53900000000016,4.020000000000002,2,6
CHEMBL5281153,active,8.356547323513812,391.5140000000001,3.097800000000002,2,4
CHEMBL5281827,active,8.045757490560675,518.6350000000003,5.660400000000005,2,5
CHEMBL5283286,active,7.494850021680094,392.43700000000007,0.4751000000000002,2,7
CHEMBL5283653,active,7.387216143280264,487.5780000000003,1.8135000000000003,2,6
CHEMBL5283673,active,9.69897000433602,362.47300000000007,1.3328999999999995,2,6
CHEMBL5284605,active,6.522878745280337,379.4450000000001,3.3104000000000005,3,5
CHEMBL5284688,active,9.30102999566398,356.444,1.7699999999999996,2,5
CHEMBL5285794,inactive,4.4180503416266825,733.7950000000003,8.741320000000004,1,11
CHEMBL5285908,active,9.69897000433602,419.5660000000001,3.6324000000000014,4,4
CHEMBL5286002,inactive,4.504455662453552,749.7940000000003,8.441500000000007,1,12
CHEMBL5287803,active,8.084072788302883,485.39600000000013,1.1761,4,7
CHEMBL5287905,active,7.853871964321762,377.4870000000001,2.843820000000001,2,4
CHEMBL5288452,active,9.468521082957745,420.51200000000017,3.766020000000002,2,6
CHEMBL5289570,active,9.045757490560677,478.63600000000014,3.5394000000000014,2,6
CHEMBL5291044,active,6.853871964321762,778.9759999999998,5.966380000000006,0,10
CHEMBL5395662,active,7.022276394711152,511.6250000000002,5.073620000000004,1,7
CHEMBL5396285,active,7.060480747381382,477.6080000000002,4.673520000000004,1,7
CHEMBL5401833,active,7.443697499232712,435.52700000000016,3.5032200000000016,1,7
CHEMBL5406674,active,7.060480747381382,491.6350000000002,5.063620000000005,1,7
CHEMBL5406867,active,7.602059991327962,495.5980000000003,4.623120000000004,1,7
CHEMBL5409238,inactive,4.301029995663981,365.43200000000013,6.770500000000005,1,2
CHEMBL5413782,active,6.0301183562535,630.8370000000006,8.084720000000008,1,8
CHEMBL5419103,active,6.8124792791635365,531.5780000000002,5.215920000000004,1,7
CHEMBL5420372,active,6.482804102050025,505.66200000000026,5.453720000000005,1,7
CHEMBL5424250,active,7.468521082957745,467.5440000000002,3.842920000000003,1,7
CHEMBL5428131,active,6.0,576.6760000000004,4.174700000000003,2,9
CHEMBL5429762,active,6.991399828238082,548.6220000000003,3.3945000000000016,2,9
CHEMBL5430097,active,7.443697499232712,622.7260000000005,4.581120000000004,1,11
CHEMBL5434496,active,7.036212172654444,463.58100000000013,4.283420000000003,1,7
CHEMBL5436337,active,7.886056647693163,421.50000000000017,3.1610200000000015,2,7
CHEMBL550038,active,6.497572880015568,432.45400000000024,2.9301000000000013,2,6
CHEMBL5557636,active,6.394964450908745,390.46100000000007,1.8231199999999994,3,4
CHEMBL5558206,active,9.096910013008056,358.39400000000006,2.1012,4,5
CHEMBL5558542,active,7.397940008672037,441.5340000000001,3.7456000000000023,1,6
CHEMBL5560685,active,6.522878745280337,413.5240000000001,3.753000000000003,1,6
CHEMBL5560744,active,6.2512694439015055,421.4310000000001,1.4228999999999996,3,6
CHEMBL5560889,active,6.154901959985743,393.46500000000015,1.9551999999999994,2,6
CHEMBL5561001,active,6.246853753041759,314.36300000000006,0.25272000000000067,3,4
CHEMBL5561148,active,6.079245526387809,387.4140000000001,1.0227999999999997,3,6
CHEMBL5567551,active,8.337242168318426,393.46500000000015,1.9551999999999994,2,6
CHEMBL5568549,active,8.55284196865778,458.46700000000016,2.5168999999999997,4,7
CHEMBL5590205,active,6.795880017344075,375.4720000000001,3.7799000000000023,2,3
CHEMBL5590730,active,6.0,474.5800000000003,4.2085000000000035,2,3
CHEMBL5596198,active,6.920818753952375,345.446,4.419000000000003,1,2
CHEMBL5596204,active,6.920818753952375,319.408,3.7139000000000024,1,2
CHEMBL5597220,active,6.958607314841775,347.462,4.449000000000003,1,2
CHEMBL5597368,active,7.091514981121351,331.419,4.028900000000002,1,2
CHEMBL5597635,active,7.356547323513812,382.4390000000001,3.1002,3,4
CHEMBL5597889,active,6.236572006437063,349.434,3.3789000000000016,2,3
CHEMBL5612602,active,6.806875401645538,1204.029,-1.0928999999999995,21,33
CHEMBL572780,active,7.161150909262744,411.4790000000001,3.8039000000000014,2,5
CHEMBL572982,inactive,4.782516055786093,270.32800000000003,3.121800000000002,2,2
CHEMBL573714,active,7.008773924307505,321.354,1.5758999999999999,2,5
CHEMBL573715,active,9.096910013008056,413.45100000000014,3.3682000000000007,2,6
CHEMBL573934,active,6.031517051446064,383.42500000000007,3.314000000000001,2,5
CHEMBL573936,active,6.136677139879544,382.4370000000001,3.8221000000000016,1,4
CHEMBL574370,active,6.508638306165727,367.426,3.2343,2,4
CHEMBL574605,active,6.468521082957745,381.45300000000003,3.795300000000003,2,4
CHEMBL5754516,active,6.153662887870195,559.7080000000001,2.241100000000003,4,6
CHEMBL575881,inactive,4.619788758288394,391.4890000000001,3.7935000000000025,1,4
CHEMBL575895,inactive,4.619788758288394,307.327,1.647,2,5
CHEMBL575896,active,6.161150909262744,369.398,3.4307000000000025,2,5
CHEMBL5762778,active,6.580044251510242,623.7420000000001,3.155400000000003,4,6
CHEMBL576762,inactive,4.292429823902063,431.4910000000001,3.168100000000001,2,6
CHEMBL5775711,inactive,4.769551078621726,365.4290000000001,3.7217000000000033,1,5
CHEMBL579067,active,6.376750709602099,398.43600000000015,3.947400000000002,1,5
CHEMBL579068,inactive,4.698970004336019,366.43800000000005,4.374500000000003,1,3
CHEMBL5797936,inactive,4.886056647693163,338.432,4.043700000000003,1,4
CHEMBL5798113,inactive,4.431798275933005,463.5340000000002,5.156800000000005,1,6
CHEMBL5806271,active,6.403402904373539,595.6880000000002,2.519300000000003,4,6
CHEMBL5806984,active,6.221125527997261,581.6610000000001,1.9851000000000012,4,6
CHEMBL5815281,inactive,4.795880017344075,426.4210000000002,1.6410999999999998,4,8
CHEMBL5817631,active,6.134896025358872,623.7420000000001,3.2995000000000028,4,6
CHEMBL584122,active,6.3872161432802645,399.4240000000001,3.439300000000001,2,6
CHEMBL584365,active,7.026872146400302,397.4520000000001,3.2429000000000006,2,5
CHEMBL5851255,active,6.4698003017969175,624.6859999999999,0.8074000000000039,4,7
CHEMBL5860213,inactive,4.698970004336019,432.52000000000015,5.849800000000005,1,4
CHEMBL5861599,inactive,4.173925197299174,374.40000000000015,1.953619999999999,2,4
CHEMBL5873958,inactive,4.769551078621726,365.42900000000003,3.3751000000000024,2,5
CHEMBL5883658,inactive,4.795880017344075,485.5850000000003,1.5846000000000013,4,5
CHEMBL5916829,inactive,4.657577319177793,500.55600000000015,-0.19599999999999695,5,6
CHEMBL592329,inactive,4.563837352959244,866.7810000000004,4.443900000000016,15,18
CHEMBL592373,inactive,4.406713932979542,1443.2910000000008,7.341699999999995,25,30
CHEMBL5933644,active,6.521433504406156,539.5800000000003,0.9589000000000019,4,6
CHEMBL59338,active,8.823908740944319,385.54900000000015,2.9157,4,4
CHEMBL5946001,active,7.1487416512809245,700.784,2.0286000000000035,4,7
CHEMBL5946822,active,6.2958494831602,659.731,2.7982000000000022,4,7
CHEMBL5954097,active,7.337242168318426,895.0620000000001,4.163200000000005,5,8
CHEMBL5963948,inactive,4.247951552180561,445.49400000000014,5.028400000000004,2,4
CHEMBL5980393,inactive,5.0,534.6810000000002,7.254600000000007,1,5
CHEMBL5988132,active,6.146910470148134,631.6680000000001,2.764500000000001,4,6
CHEMBL5988172,inactive,4.096910013008056,269.348,2.4309000000000003,1,2
CHEMBL5997113,active,6.628932137728263,567.6340000000001,1.7391000000000016,4,6
CHEMBL6059022,active,6.651695136951839,695.7109999999998,3.043400000000002,4,7
CHEMBL6150966,inactive,4.346498053037068,353.8050000000001,4.807500000000004,2,2
CHEMBL6176925,inactive,4.715794932298206,748.7220000000003,8.05020000000001,1,13
CHEMBL63677,inactive,4.926281649653878,538.4640000000002,5.134000000000006,6,10
CHEMBL66,inactive,4.494578672416719,304.25399999999996,1.1862999999999995,5,7
CHEMBL67291,active,8.139661993429007,269.3,2.4274000000000004,3,3
CHEMBL67498,active,8.137868620686962,283.327,2.4699,3,3
CHEMBL6973,active,7.617982957425132,343.361,-0.6204999999999989,2,6
CHEMBL69803,active,8.628932137728263,271.272,2.4553000000000003,4,4
CHEMBL7108,active,8.958607314841775,385.4420000000001,0.5482000000000001,2,6
CHEMBL73763,active,8.55284196865778,469.58300000000025,0.7198000000000022,4,6
CHEMBL7390,active,8.167491087293763,419.4590000000001,0.9498999999999999,2,6
CHEMBL74670,active,8.366531544420413,474.5580000000002,1.3434000000000008,4,6
CHEMBL75094,active,9.585026652029182,423.5160000000001,2.2640000000000002,2,7
CHEMBL76222,active,7.568636235841012,499.67800000000034,1.155300000000002,4,6
CHEMBL7756,active,8.387216143280265,385.4420000000001,0.2006000000000009,2,6
CHEMBL85030,active,7.756961951313706,392.4770000000001,2.4161,2,5
CHEMBL87223,inactive,4.0,372.43200000000013,4.208240000000001,4,5
CHEMBL92512,active,8.301029995663981,494.6390000000003,0.14520000000000022,4,7
CHEMBL92835,active,7.508638306165727,538.6700000000003,1.9754999999999994,4,6
CHEMBL92970,active,7.522878745280337,494.6390000000003,0.14520000000000022,4,7
CHEMBL93118,inactive,4.102372908709558,226.30400000000003,3.5455000000000014,1,3
CHEMBL93155,active,8.522878745280337,552.6970000000002,2.365599999999999,4,6
CHEMBL93320,active,9.0,465.61600000000027,1.632499999999999,4,6
CHEMBL93357,active,7.522878745280337,566.7240000000003,2.7557,4,6
CHEMBL94256,active,8.221848749616356,500.68700000000024,0.6186000000000011,5,6
CHEMBL94715,active,6.050609993355087,298.32,-0.12759999999999966,3,5
CHEMBL96473,active,7.494850021680094,451.5890000000002,1.5440999999999987,5,5
