seed,accuracy,f1,sensitivity,specificity,precision,tn,fp,fn,tp
0,0.7868852459016393,0.8807339449541285,1.0,0.0,0.7868852459016393,0,39,0,144
1,0.7868852459016393,0.8807339449541285,1.0,0.0,0.7868852459016393,0,39,0,144
2,0.7868852459016393,0.8807339449541285,1.0,0.0,0.7868852459016393,0,39,0,144
3,0.7868852459016393,0.8807339449541285,1.0,0.0,0.7868852459016393,0,39,0,144
4,0.7868852459016393,0.8807339449541285,1.0,0.0,0.7868852459016393,0,39,0,144
5,0.7868852459016393,0.8807339449541285,1.0,0.0,0.7868852459016393,0,39,0,144
6,0.7868852459016393,0.8807339449541285,1.0,0.0,0.7868852459016393,0,39,0,144
7,0.7868852459016393,0.8807339449541285,1.0,0.0,0.7868852459016393,0,39,0,144
8,0.7868852459016393,0.8807339449541285,1.0,0.0,0.7868852459016393,0,39,0,144
9,0.7868852459016393,0.8807339449541285,1.0,0.0,0.7868852459016393,0,39,0,144
10,0.7868852459016393,0.8807339449541285,1.0,0.0,0.7868852459016393,0,39,0,144
11,0.7868852459016393,0.8807339449541285,1.0,0.0,0.7868852459016393,0,39,0,144
12,0.7868852459016393,0.8807339449541285,1.0,0.0,0.7868852459016393,0,39,0,144
13,0.7868852459016393,0.8807339449541285,1.0,0.0,0.7868852459016393,0,39,0,144
14,0.7868852459016393,0.8807339449541285,1.0,0.0,0.7868852459016393,0,39,0,144
15,0.7868852459016393,0.8807339449541285,1.0,0.0,0.7868852459016393,0,39,0,144
16,0.7868852459016393,0.8807339449541285,1.0,0.0,0.7868852459016393,0,39,0,144
17,0.7868852459016393,0.8807339449541285,1.0,0.0,0.7868852459016393,0,39,0,144
18,0.7868852459016393,0.8807339449541285,1.0,0.0,0.7868852459016393,0,39,0,144
19,0.7868852459016393,0.8807339449541285,1.0,0.0,0.7868852459016393,0,39,0,144
20,0.7868852459016393,0.8807339449541285,1.0,0.0,0.7868852459016393,0,39,0,144
21,0.7868852459016393,0.8807339449541285,1.0,0.0,0.7868852459016393,0,39,0,144
22,0.7868852459016393,0.8807339449541285,1.0,0.0,0.7868852459016393,0,39,0,144
23,0.7868852459016393,0.8807339449541285,1.0,0.0,0.7868852459016393,0,39,0,144
24,0.7868852459016393,0.8807339449541285,1.0,0.0,0.7868852459016393,0,39,0,144
25,0.7868852459016393,0.8807339449541285,1.0,0.0,0.7868852459016393,0,39,0,144
26,0.7868852459016393,0.8807339449541285,1.0,0.0,0.7868852459016393,0,39,0,144
27,0.7868852459016393,0.8807339449541285,1.0,0.0,0.7868852459016393,0,39,0,144
28,0.7868852459016393,0.8807339449541285,1.0,0.0,0.7868852459016393,0,39,0,144
29,0.7868852459016393,0.8807339449541285,1.0,0.0,0.7868852459016393,0,39,0,144
30,0.7868852459016393,0.8807339449541285,1.0,0.0,0.7868852459016393,0,39,0,144
31,0.7868852459016393,0.8807339449541285,1.0,0.0,0.7868852459016393,0,39,0,144
32,0.7868852459016393,0.8807339449541285,1.0,0.0,0.7868852459016393,0,39,0,144
33,0.7868852459016393,0.8807339449541285,1.0,0.0,0.7868852459016393,0,39,0,144
34,0.7868852459016393,0.8807339449541285,1.0,0.0,0.7868852459016393,0,39,0,144
35,0.7868852459016393,0.8807339449541285,1.0,0.0,0.7868852459016393,0,39,0,144
36,0.7868852459016393,0.8807339449541285,1.0,0.0,0.7868852459016393,0,39,0,144
37,0.7868852459016393,0.8807339449541285,1.0,0.0,0.7868852459016393,0,39,0,144
38,0.7868852459016393,0.8807339449541285,1.0,0.0,0.7868852459016393,0,39,0,144
39,0.7868852459016393,0.8807339449541285,1.0,0.0,0.7868852459016393,0,39,0,144
40,0.7868852459016393,0.8807339449541285,1.0,0.0,0.7868852459016393,0,39,0,144
41,0.7868852459016393,0.8807339449541285,1.0,0.0,0.7868852459016393,0,39,0,144
42,0.7868852459016393,0.8807339449541285,1.0,0.0,0.7868852459016393,0,39,0,144
43,0.7868852459016393,0.8807339449541285,1.0,0.0,0.7868852459016393,0,39,0,144
44,0.7868852459016393,0.8807339449541285,1.0,0.0,0.7868852459016393,0,39,0,144
45,0.7868852459016393,0.8807339449541285,1.0,0.0,0.7868852459016393,0,39,0,144
46,0.7868852459016393,0.8807339449541285,1.0,0.0,0.7868852459016393,0,39,0,144
47,0.7868852459016393,0.8807339449541285,1.0,0.0,0.7868852459016393,0,39,0,144
48,0.7868852459016393,0.8807339449541285,1.0,0.0,0.7868852459016393,0,39,0,144
49,0.7868852459016393,0.8807339449541285,1.0,0.0,0.7868852459016393,0,39,0,144
50,0.7868852459016393,0.8807339449541285,1.0,0.0,0.7868852459016393,0,39,0,144
51,0.7868852459016393,0.8807339449541285,1.0,0.0,0.7868852459016393,0,39,0,144
52,0.7868852459016393,0.8807339449541285,1.0,0.0,0.7868852459016393,0,39,0,144
53,0.7868852459016393,0.8807339449541285,1.0,0.0,0.7868852459016393,0,39,0,144
54,0.7868852459016393,0.8807339449541285,1.0,0.0,0.7868852459016393,0,39,0,144
55,0.7868852459016393,0.8807339449541285,1.0,0.0,0.7868852459016393,0,39,0,144
56,0.7868852459016393,0.8807339449541285,1.0,0.0,0.7868852459016393,0,39,0,144
57,0.7868852459016393,0.8807339449541285,1.0,0.0,0.7868852459016393,0,39,0,144
58,0.7868852459016393,0.8807339449541285,1.0,0.0,0.7868852459016393,0,39,0,144
59,0.7868852459016393,0.8807339449541285,1.0,0.0,0.7868852459016393,0,39,0,144
60,0.7868852459016393,0.8807339449541285,1.0,0.0,0.7868852459016393,0,39,0,144
61,0.7868852459016393,0.8807339449541285,1.0,0.0,0.7868852459016393,0,39,0,144
62,0.7868852459016393,0.8807339449541285,1.0,0.0,0.7868852459016393,0,39,0,144
63,0.7868852459016393,0.8807339449541285,1.0,0.0,0.7868852459016393,0,39,0,144
64,0.7868852459016393,0.8807339449541285,1.0,0.0,0.7868852459016393,0,39,0,144
65,0.7868852459016393,0.8807339449541285,1.0,0.0,0.7868852459016393,0,39,0,144
66,0.7868852459016393,0.8807339449541285,1.0,0.0,0.7868852459016393,0,39,0,144
67,0.7868852459016393,0.8807339449541285,1.0,0.0,0.7868852459016393,0,39,0,144
68,0.7868852459016393,0.8807339449541285,1.0,0.0,0.7868852459016393,0,39,0,144
69,0.7868852459016393,0.8807339449541285,1.0,0.0,0.7868852459016393,0,39,0,144
70,0.7868852459016393,0.8807339449541285,1.0,0.0,0.7868852459016393,0,39,0,144
71,0.7868852459016393,0.8807339449541285,1.0,0.0,0.7868852459016393,0,39,0,144
72,0.7868852459016393,0.8807339449541285,1.0,0.0,0.7868852459016393,0,39,0,144
73,0.7868852459016393,0.8807339449541285,1.0,0.0,0.7868852459016393,0,39,0,144
74,0.7868852459016393,0.8807339449541285,1.0,0.0,0.7868852459016393,0,39,0,144
75,0.7868852459016393,0.8807339449541285,1.0,0.0,0.7868852459016393,0,39,0,144
76,0.7868852459016393,0.8807339449541285,1.0,0.0,0.7868852459016393,0,39,0,144
77,0.7868852459016393,0.8807339449541285,1.0,0.0,0.7868852459016393,0,39,0,144
78,0.7868852459016393,0.8807339449541285,1.0,0.0,0.7868852459016393,0,39,0,144
79,0.7868852459016393,0.8807339449541285,1.0,0.0,0.7868852459016393,0,39,0,144
80,0.7868852459016393,0.8807339449541285,1.0,0.0,0.7868852459016393,0,39,0,144
81,0.7868852459016393,0.8807339449541285,1.0,0.0,0.7868852459016393,0,39,0,144
82,0.7868852459016393,0.8807339449541285,1.0,0.0,0.7868852459016393,0,39,0,144
83,0.7868852459016393,0.8807339449541285,1.0,0.0,0.7868852459016393,0,39,0,144
84,0.7868852459016393,0.8807339449541285,1.0,0.0,0.7868852459016393,0,39,0,144
85,0.7868852459016393,0.8807339449541285,1.0,0.0,0.7868852459016393,0,39,0,144
86,0.7868852459016393,0.8807339449541285,1.0,0.0,0.7868852459016393,0,39,0,144
87,0.7868852459016393,0.8807339449541285,1.0,0.0,0.7868852459016393,0,39,0,144
88,0.7868852459016393,0.8807339449541285,1.0,0.0,0.7868852459016393,0,39,0,144
89,0.7868852459016393,0.8807339449541285,1.0,0.0,0.7868852459016393,0,39,0,144
90,0.7868852459016393,0.8807339449541285,1.0,0.0,0.7868852459016393,0,39,0,144
91,0.7868852459016393,0.8807339449541285,1.0,0.0,0.7868852459016393,0,39,0,144
92,0.7868852459016393,0.8807339449541285,1.0,0.0,0.7868852459016393,0,39,0,144
93,0.7868852459016393,0.8807339449541285,1.0,0.0,0.7868852459016393,0,39,0,144
94,0.7868852459016393,0.8807339449541285,1.0,0.0,0.7868852459016393,0,39,0,144
95,0.7868852459016393,0.8807339449541285,1.0,0.0,0.7868852459016393,0,39,0,144
96,0.7868852459016393,0.8807339449541285,1.0,0.0,0.7868852459016393,0,39,0,144
97,0.7868852459016393,0.8807339449541285,1.0,0.0,0.7868852459016393,0,39,0,144
98,0.7868852459016393,0.8807339449541285,1.0,0.0,0.7868852459016393,0,39,0,144
99,0.7868852459016393,0.8807339449541285,1.0,0.0,0.7868852459016393,0,39,0,144
