seed,representation,model,candidate,validation_f1,n_train,n_test,n_features,accuracy,f1,sensitivity,specificity,precision,tn,fp,fn,tp
0,PaDEL,LogisticRegression,1,0.9399293286219081,730,183,1180,0.9289617486338798,0.9553264604810997,0.9652777777777778,0.7948717948717948,0.9455782312925171,31,8,5,139
1,PaDEL,LogisticRegression,1,0.900709219858156,730,183,1179,0.9398907103825137,0.9619377162629758,0.9652777777777778,0.8461538461538461,0.9586206896551724,33,6,5,139
2,PaDEL,LogisticRegression,1,0.9407665505226481,730,183,1182,0.9453551912568307,0.965034965034965,0.9583333333333334,0.8974358974358975,0.971830985915493,35,4,6,138
3,PaDEL,LogisticRegression,0,0.9333333333333333,730,183,1182,0.9180327868852459,0.9477351916376306,0.9444444444444444,0.8205128205128205,0.951048951048951,32,7,8,136
4,PaDEL,LogisticRegression,0,0.9403508771929825,730,183,1182,0.9180327868852459,0.9469964664310954,0.9305555555555556,0.8717948717948718,0.9640287769784173,34,5,10,134
5,PaDEL,LogisticRegression,1,0.9477351916376306,730,183,1182,0.8961748633879781,0.9333333333333333,0.9236111111111112,0.7948717948717948,0.9432624113475178,31,8,11,133
6,PaDEL,LogisticRegression,0,0.9550173010380623,730,183,1182,0.907103825136612,0.9390681003584229,0.9097222222222222,0.8974358974358975,0.9703703703703703,35,4,13,131
7,PaDEL,LogisticRegression,1,0.9419795221843004,730,183,1179,0.9344262295081968,0.9586206896551724,0.9652777777777778,0.8205128205128205,0.952054794520548,32,7,5,139
8,PaDEL,LogisticRegression,1,0.958904109589041,730,183,1182,0.912568306010929,0.9440559440559441,0.9375,0.8205128205128205,0.9507042253521126,32,7,9,135
9,PaDEL,LogisticRegression,1,0.9428571428571428,730,183,1182,0.9508196721311475,0.9679715302491103,0.9444444444444444,0.9743589743589743,0.9927007299270073,38,1,8,136
10,PaDEL,LogisticRegression,1,0.9547038327526133,730,183,1182,0.8797814207650273,0.9225352112676056,0.9097222222222222,0.7692307692307693,0.9357142857142857,30,9,13,131
11,PaDEL,LogisticRegression,1,0.9477351916376306,730,183,1180,0.9234972677595629,0.9517241379310345,0.9583333333333334,0.7948717948717948,0.9452054794520548,31,8,6,138
12,PaDEL,LogisticRegression,0,0.9399293286219081,730,183,1180,0.8961748633879781,0.9323843416370107,0.9097222222222222,0.8461538461538461,0.9562043795620438,33,6,13,131
13,PaDEL,LogisticRegression,0,0.9328621908127208,730,183,1182,0.912568306010929,0.9440559440559441,0.9375,0.8205128205128205,0.9507042253521126,32,7,9,135
14,PaDEL,LogisticRegression,1,0.9586206896551724,730,183,1182,0.907103825136612,0.9407665505226481,0.9375,0.7948717948717948,0.9440559440559441,31,8,9,135
15,PaDEL,LogisticRegression,0,0.9323843416370107,730,183,1182,0.8907103825136612,0.9295774647887324,0.9166666666666666,0.7948717948717948,0.9428571428571428,31,8,12,132
16,PaDEL,LogisticRegression,1,0.9084507042253521,730,183,1180,0.9180327868852459,0.9466192170818505,0.9236111111111112,0.8974358974358975,0.9708029197080292,35,4,11,133
17,PaDEL,LogisticRegression,0,0.9540636042402827,730,183,1180,0.9180327868852459,0.9484536082474226,0.9583333333333334,0.7692307692307693,0.9387755102040817,30,9,6,138
18,PaDEL,LogisticRegression,1,0.9550173010380623,730,183,1180,0.9289617486338798,0.9540636042402827,0.9375,0.8974358974358975,0.9712230215827338,35,4,9,135
19,PaDEL,LogisticRegression,0,0.958041958041958,730,183,1177,0.9180327868852459,0.9477351916376306,0.9444444444444444,0.8205128205128205,0.951048951048951,32,7,8,136
20,PaDEL,LogisticRegression,0,0.9407665505226481,730,183,1179,0.9234972677595629,0.9507042253521126,0.9375,0.8717948717948718,0.9642857142857143,34,5,9,135
21,PaDEL,LogisticRegression,1,0.9375,730,183,1182,0.9180327868852459,0.9466192170818505,0.9236111111111112,0.8974358974358975,0.9708029197080292,35,4,11,133
22,PaDEL,LogisticRegression,0,0.9540636042402827,730,183,1182,0.9180327868852459,0.9466192170818505,0.9236111111111112,0.8974358974358975,0.9708029197080292,35,4,11,133
23,PaDEL,LogisticRegression,1,0.9295774647887324,730,183,1182,0.9234972677595629,0.9507042253521126,0.9375,0.8717948717948718,0.9642857142857143,34,5,9,135
24,PaDEL,LogisticRegression,1,0.9280575539568345,730,183,1182,0.907103825136612,0.9399293286219081,0.9236111111111112,0.8461538461538461,0.9568345323741008,33,6,11,133
25,PaDEL,LogisticRegression,1,0.9333333333333333,730,183,1177,0.9453551912568307,0.965034965034965,0.9583333333333334,0.8974358974358975,0.971830985915493,35,4,6,138
26,PaDEL,LogisticRegression,1,0.9337979094076655,730,183,1182,0.9016393442622951,0.9383561643835616,0.9513888888888888,0.717948717948718,0.9256756756756757,28,11,7,137
27,PaDEL,LogisticRegression,0,0.9415807560137457,730,183,1180,0.912568306010929,0.9436619718309859,0.9305555555555556,0.8461538461538461,0.9571428571428572,33,6,10,134
28,PaDEL,LogisticRegression,0,0.9477351916376306,730,183,1177,0.8852459016393442,0.924187725631769,0.8888888888888888,0.8717948717948718,0.9624060150375939,34,5,16,128
29,PaDEL,LogisticRegression,1,0.9574468085106383,730,183,1182,0.912568306010929,0.9444444444444444,0.9444444444444444,0.7948717948717948,0.9444444444444444,31,8,8,136
30,PaDEL,LogisticRegression,1,0.9614035087719298,730,183,1182,0.9398907103825137,0.9619377162629758,0.9652777777777778,0.8461538461538461,0.9586206896551724,33,6,5,139
31,PaDEL,LogisticRegression,1,0.9383561643835616,730,183,1182,0.8688524590163934,0.9148936170212766,0.8958333333333334,0.7692307692307693,0.9347826086956522,30,9,15,129
32,PaDEL,LogisticRegression,0,0.958041958041958,730,183,1182,0.9016393442622951,0.935251798561151,0.9027777777777778,0.8974358974358975,0.9701492537313433,35,4,14,130
33,PaDEL,LogisticRegression,1,0.9314079422382672,730,183,1182,0.9398907103825137,0.9616724738675958,0.9583333333333334,0.8717948717948718,0.965034965034965,34,5,6,138
34,PaDEL,LogisticRegression,1,0.9553264604810997,730,183,1182,0.912568306010929,0.9440559440559441,0.9375,0.8205128205128205,0.9507042253521126,32,7,9,135
35,PaDEL,LogisticRegression,0,0.9295774647887324,730,183,1182,0.9508196721311475,0.9686411149825784,0.9652777777777778,0.8974358974358975,0.972027972027972,35,4,5,139
36,PaDEL,LogisticRegression,1,0.9621993127147767,730,183,1182,0.8961748633879781,0.931899641577061,0.9027777777777778,0.8717948717948718,0.9629629629629629,34,5,14,130
37,PaDEL,LogisticRegression,1,0.9403508771929825,730,183,1179,0.9180327868852459,0.9469964664310954,0.9305555555555556,0.8717948717948718,0.9640287769784173,34,5,10,134
38,PaDEL,LogisticRegression,1,0.9619377162629758,730,183,1182,0.9289617486338798,0.9553264604810997,0.9652777777777778,0.7948717948717948,0.9455782312925171,31,8,5,139
39,PaDEL,LogisticRegression,1,0.9473684210526315,730,183,1180,0.9289617486338798,0.9547038327526133,0.9513888888888888,0.8461538461538461,0.958041958041958,33,6,7,137
40,PaDEL,LogisticRegression,1,0.9328621908127208,730,183,1182,0.8852459016393442,0.9273356401384083,0.9305555555555556,0.717948717948718,0.9241379310344827,28,11,10,134
41,PaDEL,LogisticRegression,0,0.9436619718309859,730,183,1182,0.9617486338797814,0.9752650176678446,0.9583333333333334,0.9743589743589743,0.9928057553956835,38,1,6,138
42,PaDEL,LogisticRegression,1,0.9616724738675958,730,183,1182,0.9234972677595629,0.9496402877697842,0.9166666666666666,0.9487179487179487,0.9850746268656716,37,2,12,132
43,PaDEL,LogisticRegression,0,0.9285714285714286,730,183,1179,0.9234972677595629,0.951048951048951,0.9444444444444444,0.8461538461538461,0.9577464788732394,33,6,8,136
44,PaDEL,LogisticRegression,0,0.958904109589041,730,183,1180,0.9617486338797814,0.9750889679715302,0.9513888888888888,1.0,1.0,39,0,7,137
45,PaDEL,LogisticRegression,1,0.9300699300699301,730,183,1182,0.9234972677595629,0.951048951048951,0.9444444444444444,0.8461538461538461,0.9577464788732394,33,6,8,136
46,PaDEL,LogisticRegression,1,0.9513888888888888,730,183,1180,0.907103825136612,0.9407665505226481,0.9375,0.7948717948717948,0.9440559440559441,31,8,9,135
47,PaDEL,LogisticRegression,0,0.95,730,183,1182,0.8852459016393442,0.924187725631769,0.8888888888888888,0.8717948717948718,0.9624060150375939,34,5,16,128
48,PaDEL,LogisticRegression,1,0.9192982456140351,730,183,1182,0.907103825136612,0.9403508771929825,0.9305555555555556,0.8205128205128205,0.950354609929078,32,7,10,134
49,PaDEL,LogisticRegression,1,0.9565217391304348,730,183,1179,0.8907103825136612,0.9290780141843972,0.9097222222222222,0.8205128205128205,0.9492753623188406,32,7,13,131
50,PaDEL,LogisticRegression,0,0.9611307420494699,730,183,1182,0.9180327868852459,0.9477351916376306,0.9444444444444444,0.8205128205128205,0.951048951048951,32,7,8,136
51,PaDEL,LogisticRegression,0,0.9444444444444444,730,183,1179,0.8907103825136612,0.9295774647887324,0.9166666666666666,0.7948717948717948,0.9428571428571428,31,8,12,132
52,PaDEL,LogisticRegression,1,0.9477351916376306,730,183,1182,0.907103825136612,0.9411764705882353,0.9444444444444444,0.7692307692307693,0.9379310344827586,30,9,8,136
53,PaDEL,LogisticRegression,1,0.9355932203389831,730,183,1182,0.9016393442622951,0.9357142857142857,0.9097222222222222,0.8717948717948718,0.9632352941176471,34,5,13,131
54,PaDEL,LogisticRegression,1,0.9616724738675958,730,183,1179,0.8961748633879781,0.9342560553633218,0.9375,0.7435897435897436,0.9310344827586207,29,10,9,135
55,PaDEL,LogisticRegression,1,0.9436619718309859,730,183,1180,0.912568306010929,0.9448275862068966,0.9513888888888888,0.7692307692307693,0.9383561643835616,30,9,7,137
56,PaDEL,LogisticRegression,0,0.9424460431654677,730,183,1179,0.9016393442622951,0.9361702127659575,0.9166666666666666,0.8461538461538461,0.9565217391304348,33,6,12,132
57,PaDEL,LogisticRegression,1,0.9379310344827586,730,183,1182,0.9234972677595629,0.950354609929078,0.9305555555555556,0.8974358974358975,0.9710144927536232,35,4,10,134
58,PaDEL,LogisticRegression,0,0.9440559440559441,730,183,1182,0.9398907103825137,0.9616724738675958,0.9583333333333334,0.8717948717948718,0.965034965034965,34,5,6,138
59,PaDEL,LogisticRegression,1,0.9342560553633218,730,183,1180,0.9398907103825137,0.9611307420494699,0.9444444444444444,0.9230769230769231,0.9784172661870504,36,3,8,136
60,PaDEL,LogisticRegression,1,0.9513888888888888,730,183,1182,0.9617486338797814,0.9757785467128027,0.9791666666666666,0.8974358974358975,0.9724137931034482,35,4,3,141
61,PaDEL,LogisticRegression,1,0.9491525423728814,730,183,1180,0.9398907103825137,0.9605734767025089,0.9305555555555556,0.9743589743589743,0.9925925925925926,38,1,10,134
62,PaDEL,LogisticRegression,0,0.9568345323741008,730,183,1177,0.9344262295081968,0.9583333333333334,0.9583333333333334,0.8461538461538461,0.9583333333333334,33,6,6,138
63,PaDEL,LogisticRegression,0,0.9300699300699301,730,183,1177,0.9344262295081968,0.958041958041958,0.9513888888888888,0.8717948717948718,0.9647887323943662,34,5,7,137
64,PaDEL,LogisticRegression,1,0.9616724738675958,730,183,1179,0.9344262295081968,0.9574468085106383,0.9375,0.9230769230769231,0.9782608695652174,36,3,9,135
65,PaDEL,LogisticRegression,0,0.9290780141843972,730,183,1179,0.8907103825136612,0.927007299270073,0.8819444444444444,0.9230769230769231,0.9769230769230769,36,3,17,127
66,PaDEL,LogisticRegression,1,0.9655172413793104,730,183,1182,0.9344262295081968,0.958041958041958,0.9513888888888888,0.8717948717948718,0.9647887323943662,34,5,7,137
67,PaDEL,LogisticRegression,1,0.9444444444444444,730,183,1182,0.9234972677595629,0.9517241379310345,0.9583333333333334,0.7948717948717948,0.9452054794520548,31,8,6,138
68,PaDEL,LogisticRegression,0,0.9342560553633218,730,183,1179,0.9016393442622951,0.9361702127659575,0.9166666666666666,0.8461538461538461,0.9565217391304348,33,6,12,132
69,PaDEL,LogisticRegression,1,0.9547038327526133,730,183,1180,0.8961748633879781,0.9323843416370107,0.9097222222222222,0.8461538461538461,0.9562043795620438,33,6,13,131
70,PaDEL,LogisticRegression,1,0.951048951048951,730,183,1182,0.8907103825136612,0.927007299270073,0.8819444444444444,0.9230769230769231,0.9769230769230769,36,3,17,127
71,PaDEL,LogisticRegression,0,0.9619377162629758,730,183,1182,0.907103825136612,0.9407665505226481,0.9375,0.7948717948717948,0.9440559440559441,31,8,9,135
72,PaDEL,LogisticRegression,1,0.950354609929078,730,183,1179,0.9180327868852459,0.9477351916376306,0.9444444444444444,0.8205128205128205,0.951048951048951,32,7,8,136
73,PaDEL,LogisticRegression,1,0.9420289855072463,730,183,1182,0.9180327868852459,0.9469964664310954,0.9305555555555556,0.8717948717948718,0.9640287769784173,34,5,10,134
74,PaDEL,LogisticRegression,0,0.9553264604810997,730,183,1182,0.8907103825136612,0.927536231884058,0.8888888888888888,0.8974358974358975,0.9696969696969697,35,4,16,128
75,PaDEL,LogisticRegression,0,0.9574468085106383,730,183,1182,0.8688524590163934,0.916083916083916,0.9097222222222222,0.717948717948718,0.9225352112676056,28,11,13,131
76,PaDEL,LogisticRegression,1,0.950354609929078,730,183,1182,0.9234972677595629,0.951048951048951,0.9444444444444444,0.8461538461538461,0.9577464788732394,33,6,8,136
77,PaDEL,LogisticRegression,0,0.9681978798586572,730,183,1182,0.8852459016393442,0.9236363636363636,0.8819444444444444,0.8974358974358975,0.9694656488549618,35,4,17,127
78,PaDEL,LogisticRegression,1,0.9655172413793104,730,183,1182,0.907103825136612,0.9403508771929825,0.9305555555555556,0.8205128205128205,0.950354609929078,32,7,10,134
79,PaDEL,LogisticRegression,1,0.965034965034965,730,183,1182,0.9234972677595629,0.9517241379310345,0.9583333333333334,0.7948717948717948,0.9452054794520548,31,8,6,138
80,PaDEL,LogisticRegression,1,0.9547038327526133,730,183,1182,0.907103825136612,0.9403508771929825,0.9305555555555556,0.8205128205128205,0.950354609929078,32,7,10,134
81,PaDEL,LogisticRegression,0,0.9611307420494699,730,183,1182,0.9016393442622951,0.9370629370629371,0.9305555555555556,0.7948717948717948,0.9436619718309859,31,8,10,134
82,PaDEL,LogisticRegression,1,0.958041958041958,730,183,1182,0.907103825136612,0.9411764705882353,0.9444444444444444,0.7692307692307693,0.9379310344827586,30,9,8,136
83,PaDEL,LogisticRegression,1,0.9403508771929825,730,183,1182,0.9398907103825137,0.962457337883959,0.9791666666666666,0.7948717948717948,0.9463087248322147,31,8,3,141
84,PaDEL,LogisticRegression,1,0.9337979094076655,730,183,1180,0.9234972677595629,0.951048951048951,0.9444444444444444,0.8461538461538461,0.9577464788732394,33,6,8,136
85,PaDEL,LogisticRegression,1,0.9436619718309859,730,183,1182,0.9016393442622951,0.9357142857142857,0.9097222222222222,0.8717948717948718,0.9632352941176471,34,5,13,131
86,PaDEL,LogisticRegression,1,0.9484536082474226,730,183,1182,0.9180327868852459,0.9491525423728814,0.9722222222222222,0.717948717948718,0.9271523178807947,28,11,4,140
87,PaDEL,LogisticRegression,1,0.9477351916376306,730,183,1182,0.9180327868852459,0.9469964664310954,0.9305555555555556,0.8717948717948718,0.9640287769784173,34,5,10,134
88,PaDEL,LogisticRegression,1,0.9480968858131488,730,183,1182,0.9234972677595629,0.950354609929078,0.9305555555555556,0.8974358974358975,0.9710144927536232,35,4,10,134
89,PaDEL,LogisticRegression,1,0.9480968858131488,730,183,1180,0.912568306010929,0.9444444444444444,0.9444444444444444,0.7948717948717948,0.9444444444444444,31,8,8,136
90,PaDEL,LogisticRegression,1,0.9415807560137457,730,183,1179,0.9234972677595629,0.9517241379310345,0.9583333333333334,0.7948717948717948,0.9452054794520548,31,8,6,138
91,PaDEL,LogisticRegression,1,0.9477351916376306,730,183,1182,0.9234972677595629,0.952054794520548,0.9652777777777778,0.7692307692307693,0.9391891891891891,30,9,5,139
92,PaDEL,LogisticRegression,1,0.9436619718309859,730,183,1182,0.9453551912568307,0.9655172413793104,0.9722222222222222,0.8461538461538461,0.958904109589041,33,6,4,140
93,PaDEL,LogisticRegression,0,0.9469964664310954,730,183,1182,0.912568306010929,0.9436619718309859,0.9305555555555556,0.8461538461538461,0.9571428571428572,33,6,10,134
94,PaDEL,LogisticRegression,1,0.9574468085106383,730,183,1180,0.9562841530054644,0.972027972027972,0.9652777777777778,0.9230769230769231,0.9788732394366197,36,3,5,139
95,PaDEL,LogisticRegression,1,0.9386281588447654,730,183,1182,0.9234972677595629,0.9507042253521126,0.9375,0.8717948717948718,0.9642857142857143,34,5,9,135
96,PaDEL,LogisticRegression,1,0.951048951048951,730,183,1179,0.9180327868852459,0.9484536082474226,0.9583333333333334,0.7692307692307693,0.9387755102040817,30,9,6,138
97,PaDEL,LogisticRegression,0,0.9473684210526315,730,183,1182,0.9398907103825137,0.9616724738675958,0.9583333333333334,0.8717948717948718,0.965034965034965,34,5,6,138
98,PaDEL,LogisticRegression,1,0.9440559440559441,730,183,1182,0.9344262295081968,0.9586206896551724,0.9652777777777778,0.8205128205128205,0.952054794520548,32,7,5,139
99,PaDEL,LogisticRegression,0,0.9480968858131488,730,183,1182,0.9562841530054644,0.9724137931034482,0.9791666666666666,0.8717948717948718,0.9657534246575342,34,5,3,141
0,PaDEL,RandomForest,1,0.9480968858131488,730,183,1180,0.9398907103825137,0.9629629629629629,0.9930555555555556,0.7435897435897436,0.934640522875817,29,10,1,143
1,PaDEL,RandomForest,1,0.9379310344827586,730,183,1179,0.9180327868852459,0.9488054607508533,0.9652777777777778,0.7435897435897436,0.9328859060402684,29,10,5,139
2,PaDEL,RandomForest,0,0.9347079037800687,730,183,1182,0.9672131147540983,0.9793103448275862,0.9861111111111112,0.8974358974358975,0.9726027397260274,35,4,2,142
3,PaDEL,RandomForest,0,0.9629629629629629,730,183,1182,0.9180327868852459,0.9484536082474226,0.9583333333333334,0.7692307692307693,0.9387755102040817,30,9,6,138
4,PaDEL,RandomForest,0,0.9556313993174061,730,183,1182,0.9562841530054644,0.9724137931034482,0.9791666666666666,0.8717948717948718,0.9657534246575342,34,5,3,141
5,PaDEL,RandomForest,0,0.9794520547945206,730,183,1182,0.9180327868852459,0.9484536082474226,0.9583333333333334,0.7692307692307693,0.9387755102040817,30,9,6,138
6,PaDEL,RandomForest,0,0.9553264604810997,730,183,1182,0.9234972677595629,0.951048951048951,0.9444444444444444,0.8461538461538461,0.9577464788732394,33,6,8,136
7,PaDEL,RandomForest,0,0.9523809523809523,730,183,1179,0.9453551912568307,0.9659863945578231,0.9861111111111112,0.7948717948717948,0.9466666666666667,31,8,2,142
8,PaDEL,RandomForest,1,0.9662162162162162,730,183,1182,0.9453551912568307,0.9652777777777778,0.9652777777777778,0.8717948717948718,0.9652777777777778,34,5,5,139
9,PaDEL,RandomForest,1,0.9724137931034482,730,183,1182,0.9508196721311475,0.9690721649484536,0.9791666666666666,0.8461538461538461,0.9591836734693877,33,6,3,141
10,PaDEL,RandomForest,1,0.9491525423728814,730,183,1182,0.912568306010929,0.9444444444444444,0.9444444444444444,0.7948717948717948,0.9444444444444444,31,8,8,136
11,PaDEL,RandomForest,1,0.962457337883959,730,183,1180,0.9234972677595629,0.952054794520548,0.9652777777777778,0.7692307692307693,0.9391891891891891,30,9,5,139
12,PaDEL,RandomForest,1,0.9533333333333334,730,183,1180,0.9453551912568307,0.9655172413793104,0.9722222222222222,0.8461538461538461,0.958904109589041,33,6,4,140
13,PaDEL,RandomForest,1,0.9391891891891891,730,183,1182,0.9234972677595629,0.952054794520548,0.9652777777777778,0.7692307692307693,0.9391891891891891,30,9,5,139
14,PaDEL,RandomForest,1,0.958904109589041,730,183,1182,0.9344262295081968,0.958904109589041,0.9722222222222222,0.7948717948717948,0.9459459459459459,31,8,4,140
15,PaDEL,RandomForest,1,0.9366197183098591,730,183,1182,0.9180327868852459,0.9480968858131488,0.9513888888888888,0.7948717948717948,0.9448275862068966,31,8,7,137
16,PaDEL,RandomForest,1,0.9448275862068966,730,183,1180,0.9562841530054644,0.972027972027972,0.9652777777777778,0.9230769230769231,0.9788732394366197,36,3,5,139
17,PaDEL,RandomForest,1,0.9655172413793104,730,183,1180,0.9234972677595629,0.9530201342281879,0.9861111111111112,0.6923076923076923,0.922077922077922,27,12,2,142
18,PaDEL,RandomForest,1,0.952054794520548,730,183,1180,0.9672131147540983,0.9793103448275862,0.9861111111111112,0.8974358974358975,0.9726027397260274,35,4,2,142
19,PaDEL,RandomForest,1,0.9759450171821306,730,183,1177,0.9180327868852459,0.9480968858131488,0.9513888888888888,0.7948717948717948,0.9448275862068966,31,8,7,137
20,PaDEL,RandomForest,0,0.9488054607508533,730,183,1179,0.9289617486338798,0.9556313993174061,0.9722222222222222,0.7692307692307693,0.9395973154362416,30,9,4,140
21,PaDEL,RandomForest,0,0.9556313993174061,730,183,1182,0.9508196721311475,0.9688581314878892,0.9722222222222222,0.8717948717948718,0.9655172413793104,34,5,4,140
22,PaDEL,RandomForest,0,0.9616724738675958,730,183,1182,0.9617486338797814,0.975609756097561,0.9722222222222222,0.9230769230769231,0.9790209790209791,36,3,4,140
23,PaDEL,RandomForest,0,0.9379310344827586,730,183,1182,0.9289617486338798,0.9553264604810997,0.9652777777777778,0.7948717948717948,0.9455782312925171,31,8,5,139
24,PaDEL,RandomForest,1,0.9556313993174061,730,183,1182,0.9508196721311475,0.9692832764505119,0.9861111111111112,0.8205128205128205,0.9530201342281879,32,7,2,142
25,PaDEL,RandomForest,1,0.9530201342281879,730,183,1177,0.9562841530054644,0.9724137931034482,0.9791666666666666,0.8717948717948718,0.9657534246575342,34,5,3,141
26,PaDEL,RandomForest,1,0.9480968858131488,730,183,1182,0.9234972677595629,0.9523809523809523,0.9722222222222222,0.7435897435897436,0.9333333333333333,29,10,4,140
27,PaDEL,RandomForest,1,0.9523809523809523,730,183,1180,0.9234972677595629,0.9513888888888888,0.9513888888888888,0.8205128205128205,0.9513888888888888,32,7,7,137
28,PaDEL,RandomForest,1,0.9556313993174061,730,183,1177,0.9234972677595629,0.952054794520548,0.9652777777777778,0.7692307692307693,0.9391891891891891,30,9,5,139
29,PaDEL,RandomForest,1,0.971830985915493,730,183,1182,0.9289617486338798,0.9553264604810997,0.9652777777777778,0.7948717948717948,0.9455782312925171,31,8,5,139
30,PaDEL,RandomForest,0,0.962457337883959,730,183,1182,0.9508196721311475,0.9690721649484536,0.9791666666666666,0.8461538461538461,0.9591836734693877,33,6,3,141
31,PaDEL,RandomForest,1,0.9387755102040817,730,183,1182,0.9453551912568307,0.9659863945578231,0.9861111111111112,0.7948717948717948,0.9466666666666667,31,8,2,142
32,PaDEL,RandomForest,1,0.9556313993174061,730,183,1182,0.9508196721311475,0.9688581314878892,0.9722222222222222,0.8717948717948718,0.9655172413793104,34,5,4,140
33,PaDEL,RandomForest,0,0.9616724738675958,730,183,1182,0.9180327868852459,0.9488054607508533,0.9652777777777778,0.7435897435897436,0.9328859060402684,29,10,5,139
34,PaDEL,RandomForest,1,0.9530201342281879,730,183,1182,0.9508196721311475,0.9686411149825784,0.9652777777777778,0.8974358974358975,0.972027972027972,35,4,5,139
35,PaDEL,RandomForest,1,0.9484536082474226,730,183,1182,0.9617486338797814,0.9757785467128027,0.9791666666666666,0.8974358974358975,0.9724137931034482,35,4,3,141
36,PaDEL,RandomForest,0,0.9527027027027027,730,183,1182,0.9180327868852459,0.9477351916376306,0.9444444444444444,0.8205128205128205,0.951048951048951,32,7,8,136
37,PaDEL,RandomForest,0,0.9690721649484536,730,183,1179,0.9344262295081968,0.958904109589041,0.9722222222222222,0.7948717948717948,0.9459459459459459,31,8,4,140
38,PaDEL,RandomForest,1,0.9657534246575342,730,183,1182,0.9289617486338798,0.9559322033898305,0.9791666666666666,0.7435897435897436,0.9337748344370861,29,10,3,141
39,PaDEL,RandomForest,1,0.9583333333333334,730,183,1180,0.9398907103825137,0.962457337883959,0.9791666666666666,0.7948717948717948,0.9463087248322147,31,8,3,141
40,PaDEL,RandomForest,1,0.9488054607508533,730,183,1182,0.9234972677595629,0.9523809523809523,0.9722222222222222,0.7435897435897436,0.9333333333333333,29,10,4,140
41,PaDEL,RandomForest,0,0.9452054794520548,730,183,1182,0.9672131147540983,0.9794520547945206,0.9930555555555556,0.8717948717948718,0.9662162162162162,34,5,1,143
42,PaDEL,RandomForest,0,0.9614035087719298,730,183,1182,0.9453551912568307,0.9652777777777778,0.9652777777777778,0.8717948717948718,0.9652777777777778,34,5,5,139
43,PaDEL,RandomForest,1,0.9423728813559322,730,183,1179,0.9617486338797814,0.9757785467128027,0.9791666666666666,0.8974358974358975,0.9724137931034482,35,4,3,141
44,PaDEL,RandomForest,1,0.9627118644067797,730,183,1180,0.9508196721311475,0.9688581314878892,0.9722222222222222,0.8717948717948718,0.9655172413793104,34,5,4,140
45,PaDEL,RandomForest,1,0.962457337883959,730,183,1182,0.9672131147540983,0.9794520547945206,0.9930555555555556,0.8717948717948718,0.9662162162162162,34,5,1,143
46,PaDEL,RandomForest,0,0.9559322033898305,730,183,1180,0.9180327868852459,0.9488054607508533,0.9652777777777778,0.7435897435897436,0.9328859060402684,29,10,5,139
47,PaDEL,RandomForest,1,0.9791666666666666,730,183,1182,0.9289617486338798,0.9550173010380623,0.9583333333333334,0.8205128205128205,0.9517241379310345,32,7,6,138
48,PaDEL,RandomForest,1,0.9403508771929825,730,183,1182,0.9344262295081968,0.958904109589041,0.9722222222222222,0.7948717948717948,0.9459459459459459,31,8,4,140
49,PaDEL,RandomForest,0,0.9565217391304348,730,183,1179,0.907103825136612,0.9407665505226481,0.9375,0.7948717948717948,0.9440559440559441,31,8,9,135
50,PaDEL,RandomForest,1,0.952054794520548,730,183,1182,0.9234972677595629,0.9517241379310345,0.9583333333333334,0.7948717948717948,0.9452054794520548,31,8,6,138
51,PaDEL,RandomForest,0,0.9553264604810997,730,183,1179,0.9398907103825137,0.962457337883959,0.9791666666666666,0.7948717948717948,0.9463087248322147,31,8,3,141
52,PaDEL,RandomForest,0,0.9694915254237289,730,183,1182,0.9234972677595629,0.9517241379310345,0.9583333333333334,0.7948717948717948,0.9452054794520548,31,8,6,138
53,PaDEL,RandomForest,1,0.9491525423728814,730,183,1182,0.9562841530054644,0.9727891156462585,0.9930555555555556,0.8205128205128205,0.9533333333333334,32,7,1,143
54,PaDEL,RandomForest,1,0.9553264604810997,730,183,1179,0.9453551912568307,0.9657534246575342,0.9791666666666666,0.8205128205128205,0.9527027027027027,32,7,3,141
55,PaDEL,RandomForest,0,0.9662162162162162,730,183,1180,0.9398907103825137,0.9621993127147767,0.9722222222222222,0.8205128205128205,0.9523809523809523,32,7,4,140
56,PaDEL,RandomForest,0,0.9547038327526133,730,183,1179,0.9180327868852459,0.9484536082474226,0.9583333333333334,0.7692307692307693,0.9387755102040817,30,9,6,138
57,PaDEL,RandomForest,0,0.9423728813559322,730,183,1182,0.9289617486338798,0.9547038327526133,0.9513888888888888,0.8461538461538461,0.958041958041958,33,6,7,137
58,PaDEL,RandomForest,0,0.9547038327526133,730,183,1182,0.912568306010929,0.9459459459459459,0.9722222222222222,0.6923076923076923,0.9210526315789473,27,12,4,140
59,PaDEL,RandomForest,0,0.9491525423728814,730,183,1180,0.9562841530054644,0.972027972027972,0.9652777777777778,0.9230769230769231,0.9788732394366197,36,3,5,139
60,PaDEL,RandomForest,1,0.9488054607508533,730,183,1182,0.9617486338797814,0.976271186440678,1.0,0.8205128205128205,0.9536423841059603,32,7,0,144
61,PaDEL,RandomForest,1,0.9565217391304348,730,183,1180,0.9508196721311475,0.9690721649484536,0.9791666666666666,0.8461538461538461,0.9591836734693877,33,6,3,141
62,PaDEL,RandomForest,0,0.9655172413793104,730,183,1177,0.9508196721311475,0.9688581314878892,0.9722222222222222,0.8717948717948718,0.9655172413793104,34,5,4,140
63,PaDEL,RandomForest,1,0.9556313993174061,730,183,1177,0.9508196721311475,0.9692832764505119,0.9861111111111112,0.8205128205128205,0.9530201342281879,32,7,2,142
64,PaDEL,RandomForest,0,0.9692832764505119,730,183,1179,0.9180327868852459,0.9477351916376306,0.9444444444444444,0.8205128205128205,0.951048951048951,32,7,8,136
65,PaDEL,RandomForest,1,0.9523809523809523,730,183,1179,0.9398907103825137,0.9614035087719298,0.9513888888888888,0.8974358974358975,0.9716312056737588,35,4,7,137
66,PaDEL,RandomForest,1,0.962457337883959,730,183,1182,0.9398907103825137,0.962457337883959,0.9791666666666666,0.7948717948717948,0.9463087248322147,31,8,3,141
67,PaDEL,RandomForest,0,0.9724137931034482,730,183,1182,0.9289617486338798,0.9556313993174061,0.9722222222222222,0.7692307692307693,0.9395973154362416,30,9,4,140
68,PaDEL,RandomForest,0,0.9491525423728814,730,183,1179,0.9289617486338798,0.9550173010380623,0.9583333333333334,0.8205128205128205,0.9517241379310345,32,7,6,138
69,PaDEL,RandomForest,0,0.958904109589041,730,183,1180,0.9180327868852459,0.9488054607508533,0.9652777777777778,0.7435897435897436,0.9328859060402684,29,10,5,139
70,PaDEL,RandomForest,0,0.9484536082474226,730,183,1182,0.9398907103825137,0.9611307420494699,0.9444444444444444,0.9230769230769231,0.9784172661870504,36,3,8,136
71,PaDEL,RandomForest,0,0.9553264604810997,730,183,1182,0.9016393442622951,0.9370629370629371,0.9305555555555556,0.7948717948717948,0.9436619718309859,31,8,10,134
72,PaDEL,RandomForest,0,0.9611307420494699,730,183,1179,0.9398907103825137,0.9621993127147767,0.9722222222222222,0.8205128205128205,0.9523809523809523,32,7,4,140
73,PaDEL,RandomForest,0,0.975609756097561,730,183,1182,0.9234972677595629,0.952054794520548,0.9652777777777778,0.7692307692307693,0.9391891891891891,30,9,5,139
74,PaDEL,RandomForest,1,0.9627118644067797,730,183,1182,0.9453551912568307,0.9652777777777778,0.9652777777777778,0.8717948717948718,0.9652777777777778,34,5,5,139
75,PaDEL,RandomForest,0,0.9794520547945206,730,183,1182,0.8743169398907104,0.9209621993127147,0.9305555555555556,0.6666666666666666,0.9115646258503401,26,13,10,134
76,PaDEL,RandomForest,0,0.9619377162629758,730,183,1182,0.9344262295081968,0.9594594594594594,0.9861111111111112,0.7435897435897436,0.9342105263157895,29,10,2,142
77,PaDEL,RandomForest,1,0.958904109589041,730,183,1182,0.9453551912568307,0.9652777777777778,0.9652777777777778,0.8717948717948718,0.9652777777777778,34,5,5,139
78,PaDEL,RandomForest,1,0.9726027397260274,730,183,1182,0.9344262295081968,0.9586206896551724,0.9652777777777778,0.8205128205128205,0.952054794520548,32,7,5,139
79,PaDEL,RandomForest,1,0.9657534246575342,730,183,1182,0.9344262295081968,0.9591836734693877,0.9791666666666666,0.7692307692307693,0.94,30,9,3,141
80,PaDEL,RandomForest,0,0.9616724738675958,730,183,1182,0.9289617486338798,0.9553264604810997,0.9652777777777778,0.7948717948717948,0.9455782312925171,31,8,5,139
81,PaDEL,RandomForest,1,0.9694915254237289,730,183,1182,0.9453551912568307,0.9659863945578231,0.9861111111111112,0.7948717948717948,0.9466666666666667,31,8,2,142
82,PaDEL,RandomForest,1,0.9795918367346939,730,183,1182,0.9180327868852459,0.9480968858131488,0.9513888888888888,0.7948717948717948,0.9448275862068966,31,8,7,137
83,PaDEL,RandomForest,1,0.9761092150170648,730,183,1182,0.9289617486338798,0.9556313993174061,0.9722222222222222,0.7692307692307693,0.9395973154362416,30,9,4,140
84,PaDEL,RandomForest,1,0.9686411149825784,730,183,1180,0.9398907103825137,0.9616724738675958,0.9583333333333334,0.8717948717948718,0.965034965034965,34,5,6,138
85,PaDEL,RandomForest,0,0.9619377162629758,730,183,1182,0.9508196721311475,0.9688581314878892,0.9722222222222222,0.8717948717948718,0.9655172413793104,34,5,4,140
86,PaDEL,RandomForest,0,0.9523809523809523,730,183,1182,0.9289617486338798,0.9559322033898305,0.9791666666666666,0.7435897435897436,0.9337748344370861,29,10,3,141
87,PaDEL,RandomForest,1,0.9690721649484536,730,183,1182,0.9508196721311475,0.9692832764505119,0.9861111111111112,0.8205128205128205,0.9530201342281879,32,7,2,142
88,PaDEL,RandomForest,1,0.9562289562289562,730,183,1182,0.9344262295081968,0.9586206896551724,0.9652777777777778,0.8205128205128205,0.952054794520548,32,7,5,139
89,PaDEL,RandomForest,0,0.9391891891891891,730,183,1180,0.9398907103825137,0.9614035087719298,0.9513888888888888,0.8974358974358975,0.9716312056737588,35,4,7,137
90,PaDEL,RandomForest,1,0.9366197183098591,730,183,1179,0.9398907103825137,0.9621993127147767,0.9722222222222222,0.8205128205128205,0.9523809523809523,32,7,4,140
91,PaDEL,RandomForest,0,0.9553264604810997,730,183,1182,0.9289617486338798,0.9547038327526133,0.9513888888888888,0.8461538461538461,0.958041958041958,33,6,7,137
92,PaDEL,RandomForest,0,0.9455782312925171,730,183,1182,0.9781420765027322,0.986013986013986,0.9791666666666666,0.9743589743589743,0.9929577464788732,38,1,3,141
93,PaDEL,RandomForest,1,0.9627118644067797,730,183,1182,0.9398907103825137,0.9621993127147767,0.9722222222222222,0.8205128205128205,0.9523809523809523,32,7,4,140
94,PaDEL,RandomForest,0,0.9507042253521126,730,183,1180,0.9508196721311475,0.9681978798586572,0.9513888888888888,0.9487179487179487,0.9856115107913669,37,2,7,137
95,PaDEL,RandomForest,0,0.9652777777777778,730,183,1182,0.9344262295081968,0.958904109589041,0.9722222222222222,0.7948717948717948,0.9459459459459459,31,8,4,140
96,PaDEL,RandomForest,1,0.9459459459459459,730,183,1179,0.9562841530054644,0.9724137931034482,0.9791666666666666,0.8717948717948718,0.9657534246575342,34,5,3,141
97,PaDEL,RandomForest,0,0.9591836734693877,730,183,1182,0.9508196721311475,0.9686411149825784,0.9652777777777778,0.8974358974358975,0.972027972027972,35,4,5,139
98,PaDEL,RandomForest,1,0.9517241379310345,730,183,1182,0.9398907103825137,0.962457337883959,0.9791666666666666,0.7948717948717948,0.9463087248322147,31,8,3,141
99,PaDEL,RandomForest,1,0.9657534246575342,730,183,1182,0.9453551912568307,0.9662162162162162,0.9930555555555556,0.7692307692307693,0.9407894736842105,30,9,1,143
0,PaDEL,XGBoost,1,0.9513888888888888,730,183,1180,0.9289617486338798,0.9559322033898305,0.9791666666666666,0.7435897435897436,0.9337748344370861,29,10,3,141
1,PaDEL,XGBoost,1,0.9452054794520548,730,183,1179,0.9289617486338798,0.9559322033898305,0.9791666666666666,0.7435897435897436,0.9337748344370861,29,10,3,141
2,PaDEL,XGBoost,0,0.9347079037800687,730,183,1182,0.9617486338797814,0.9759450171821306,0.9861111111111112,0.8717948717948718,0.9659863945578231,34,5,2,142
3,PaDEL,XGBoost,0,0.9690721649484536,730,183,1182,0.9344262295081968,0.958904109589041,0.9722222222222222,0.7948717948717948,0.9459459459459459,31,8,4,140
4,PaDEL,XGBoost,0,0.9550173010380623,730,183,1182,0.9508196721311475,0.9688581314878892,0.9722222222222222,0.8717948717948718,0.9655172413793104,34,5,4,140
5,PaDEL,XGBoost,1,0.9759450171821306,730,183,1182,0.9180327868852459,0.9484536082474226,0.9583333333333334,0.7692307692307693,0.9387755102040817,30,9,6,138
6,PaDEL,XGBoost,1,0.952054794520548,730,183,1182,0.9180327868852459,0.9477351916376306,0.9444444444444444,0.8205128205128205,0.951048951048951,32,7,8,136
7,PaDEL,XGBoost,1,0.9517241379310345,730,183,1179,0.9453551912568307,0.9659863945578231,0.9861111111111112,0.7948717948717948,0.9466666666666667,31,8,2,142
8,PaDEL,XGBoost,0,0.9629629629629629,730,183,1182,0.9234972677595629,0.9523809523809523,0.9722222222222222,0.7435897435897436,0.9333333333333333,29,10,4,140
9,PaDEL,XGBoost,0,0.9688581314878892,730,183,1182,0.9453551912568307,0.9657534246575342,0.9791666666666666,0.8205128205128205,0.9527027027027027,32,7,3,141
10,PaDEL,XGBoost,0,0.9448275862068966,730,183,1182,0.9344262295081968,0.958041958041958,0.9513888888888888,0.8717948717948718,0.9647887323943662,34,5,7,137
11,PaDEL,XGBoost,1,0.9594594594594594,730,183,1180,0.9234972677595629,0.9517241379310345,0.9583333333333334,0.7948717948717948,0.9452054794520548,31,8,6,138
12,PaDEL,XGBoost,0,0.962457337883959,730,183,1180,0.9180327868852459,0.9469964664310954,0.9305555555555556,0.8717948717948718,0.9640287769784173,34,5,10,134
13,PaDEL,XGBoost,0,0.9347079037800687,730,183,1182,0.9344262295081968,0.9586206896551724,0.9652777777777778,0.8205128205128205,0.952054794520548,32,7,5,139
14,PaDEL,XGBoost,0,0.9556313993174061,730,183,1182,0.9234972677595629,0.9517241379310345,0.9583333333333334,0.7948717948717948,0.9452054794520548,31,8,6,138
15,PaDEL,XGBoost,0,0.951048951048951,730,183,1182,0.9289617486338798,0.9553264604810997,0.9652777777777778,0.7948717948717948,0.9455782312925171,31,8,5,139
16,PaDEL,XGBoost,0,0.9342560553633218,730,183,1180,0.9453551912568307,0.9652777777777778,0.9652777777777778,0.8717948717948718,0.9652777777777778,34,5,5,139
17,PaDEL,XGBoost,0,0.9616724738675958,730,183,1180,0.9234972677595629,0.9517241379310345,0.9583333333333334,0.7948717948717948,0.9452054794520548,31,8,6,138
18,PaDEL,XGBoost,0,0.9452054794520548,730,183,1180,0.9508196721311475,0.9688581314878892,0.9722222222222222,0.8717948717948718,0.9655172413793104,34,5,4,140
19,PaDEL,XGBoost,0,0.9652777777777778,730,183,1177,0.9344262295081968,0.9586206896551724,0.9652777777777778,0.8205128205128205,0.952054794520548,32,7,5,139
20,PaDEL,XGBoost,1,0.9491525423728814,730,183,1179,0.9398907103825137,0.962457337883959,0.9791666666666666,0.7948717948717948,0.9463087248322147,31,8,3,141
21,PaDEL,XGBoost,1,0.962457337883959,730,183,1182,0.9508196721311475,0.9688581314878892,0.9722222222222222,0.8717948717948718,0.9655172413793104,34,5,4,140
22,PaDEL,XGBoost,0,0.9543859649122807,730,183,1182,0.9508196721311475,0.9686411149825784,0.9652777777777778,0.8974358974358975,0.972027972027972,35,4,5,139
23,PaDEL,XGBoost,1,0.9517241379310345,730,183,1182,0.912568306010929,0.9459459459459459,0.9722222222222222,0.6923076923076923,0.9210526315789473,27,12,4,140
24,PaDEL,XGBoost,0,0.9419795221843004,730,183,1182,0.9562841530054644,0.9727891156462585,0.9930555555555556,0.8205128205128205,0.9533333333333334,32,7,1,143
25,PaDEL,XGBoost,1,0.9565217391304348,730,183,1177,0.9508196721311475,0.9686411149825784,0.9652777777777778,0.8974358974358975,0.972027972027972,35,4,5,139
26,PaDEL,XGBoost,0,0.9556313993174061,730,183,1182,0.9398907103825137,0.962457337883959,0.9791666666666666,0.7948717948717948,0.9463087248322147,31,8,3,141
27,PaDEL,XGBoost,0,0.9559322033898305,730,183,1180,0.9289617486338798,0.9550173010380623,0.9583333333333334,0.8205128205128205,0.9517241379310345,32,7,6,138
28,PaDEL,XGBoost,1,0.9423728813559322,730,183,1177,0.912568306010929,0.9455782312925171,0.9652777777777778,0.717948717948718,0.9266666666666666,28,11,5,139
29,PaDEL,XGBoost,1,0.9652777777777778,730,183,1182,0.9453551912568307,0.9657534246575342,0.9791666666666666,0.8205128205128205,0.9527027027027027,32,7,3,141
30,PaDEL,XGBoost,0,0.9724137931034482,730,183,1182,0.9398907103825137,0.9621993127147767,0.9722222222222222,0.8205128205128205,0.9523809523809523,32,7,4,140
31,PaDEL,XGBoost,1,0.9491525423728814,730,183,1182,0.9289617486338798,0.9553264604810997,0.9652777777777778,0.7948717948717948,0.9455782312925171,31,8,5,139
32,PaDEL,XGBoost,0,0.962457337883959,730,183,1182,0.9453551912568307,0.9655172413793104,0.9722222222222222,0.8461538461538461,0.958904109589041,33,6,4,140
33,PaDEL,XGBoost,1,0.9621993127147767,730,183,1182,0.9289617486338798,0.9562289562289562,0.9861111111111112,0.717948717948718,0.9281045751633987,28,11,2,142
34,PaDEL,XGBoost,0,0.9594594594594594,730,183,1182,0.9508196721311475,0.9686411149825784,0.9652777777777778,0.8974358974358975,0.972027972027972,35,4,5,139
35,PaDEL,XGBoost,0,0.9621993127147767,730,183,1182,0.9617486338797814,0.9759450171821306,0.9861111111111112,0.8717948717948718,0.9659863945578231,34,5,2,142
36,PaDEL,XGBoost,1,0.9594594594594594,730,183,1182,0.9234972677595629,0.9513888888888888,0.9513888888888888,0.8205128205128205,0.9513888888888888,32,7,7,137
37,PaDEL,XGBoost,0,0.9448275862068966,730,183,1179,0.9344262295081968,0.9586206896551724,0.9652777777777778,0.8205128205128205,0.952054794520548,32,7,5,139
38,PaDEL,XGBoost,0,0.9594594594594594,730,183,1182,0.9344262295081968,0.9591836734693877,0.9791666666666666,0.7692307692307693,0.94,30,9,3,141
39,PaDEL,XGBoost,1,0.9614035087719298,730,183,1180,0.9289617486338798,0.9553264604810997,0.9652777777777778,0.7948717948717948,0.9455782312925171,31,8,5,139
40,PaDEL,XGBoost,0,0.9419795221843004,730,183,1182,0.907103825136612,0.9431438127090301,0.9791666666666666,0.6410256410256411,0.9096774193548387,25,14,3,141
41,PaDEL,XGBoost,1,0.9488054607508533,730,183,1182,0.9836065573770492,0.9896193771626297,0.9930555555555556,0.9487179487179487,0.9862068965517241,37,2,1,143
42,PaDEL,XGBoost,1,0.9757785467128027,730,183,1182,0.9398907103825137,0.9616724738675958,0.9583333333333334,0.8717948717948718,0.965034965034965,34,5,6,138
43,PaDEL,XGBoost,1,0.9419795221843004,730,183,1179,0.9562841530054644,0.9724137931034482,0.9791666666666666,0.8717948717948718,0.9657534246575342,34,5,3,141
44,PaDEL,XGBoost,1,0.9594594594594594,730,183,1180,0.9562841530054644,0.9722222222222222,0.9722222222222222,0.8974358974358975,0.9722222222222222,35,4,4,140
45,PaDEL,XGBoost,0,0.9455782312925171,730,183,1182,0.9508196721311475,0.9688581314878892,0.9722222222222222,0.8717948717948718,0.9655172413793104,34,5,4,140
46,PaDEL,XGBoost,1,0.9423728813559322,730,183,1180,0.9180327868852459,0.9484536082474226,0.9583333333333334,0.7692307692307693,0.9387755102040817,30,9,6,138
47,PaDEL,XGBoost,0,0.9686411149825784,730,183,1182,0.9234972677595629,0.951048951048951,0.9444444444444444,0.8461538461538461,0.9577464788732394,33,6,8,136
48,PaDEL,XGBoost,0,0.9375,730,183,1182,0.9398907103825137,0.9619377162629758,0.9652777777777778,0.8461538461538461,0.9586206896551724,33,6,5,139
49,PaDEL,XGBoost,0,0.9565217391304348,730,183,1179,0.912568306010929,0.9448275862068966,0.9513888888888888,0.7692307692307693,0.9383561643835616,30,9,7,137
50,PaDEL,XGBoost,0,0.9652777777777778,730,183,1182,0.912568306010929,0.9452054794520548,0.9583333333333334,0.7435897435897436,0.9324324324324325,29,10,6,138
51,PaDEL,XGBoost,0,0.952054794520548,730,183,1179,0.907103825136612,0.9415807560137457,0.9513888888888888,0.7435897435897436,0.9319727891156463,29,10,7,137
52,PaDEL,XGBoost,1,0.9692832764505119,730,183,1182,0.9398907103825137,0.9621993127147767,0.9722222222222222,0.8205128205128205,0.9523809523809523,32,7,4,140
53,PaDEL,XGBoost,1,0.9435215946843853,730,183,1182,0.9344262295081968,0.958904109589041,0.9722222222222222,0.7948717948717948,0.9459459459459459,31,8,4,140
54,PaDEL,XGBoost,0,0.9694915254237289,730,183,1179,0.9398907103825137,0.9621993127147767,0.9722222222222222,0.8205128205128205,0.9523809523809523,32,7,4,140
55,PaDEL,XGBoost,0,0.9594594594594594,730,183,1180,0.9453551912568307,0.9652777777777778,0.9652777777777778,0.8717948717948718,0.9652777777777778,34,5,5,139
56,PaDEL,XGBoost,0,0.9586206896551724,730,183,1179,0.9180327868852459,0.9488054607508533,0.9652777777777778,0.7435897435897436,0.9328859060402684,29,10,5,139
57,PaDEL,XGBoost,0,0.9480968858131488,730,183,1182,0.9344262295081968,0.9583333333333334,0.9583333333333334,0.8461538461538461,0.9583333333333334,33,6,6,138
58,PaDEL,XGBoost,0,0.9484536082474226,730,183,1182,0.9234972677595629,0.9523809523809523,0.9722222222222222,0.7435897435897436,0.9333333333333333,29,10,4,140
59,PaDEL,XGBoost,0,0.9351535836177475,730,183,1180,0.9453551912568307,0.9655172413793104,0.9722222222222222,0.8461538461538461,0.958904109589041,33,6,4,140
60,PaDEL,XGBoost,1,0.9556313993174061,730,183,1182,0.9562841530054644,0.9727891156462585,0.9930555555555556,0.8205128205128205,0.9533333333333334,32,7,1,143
61,PaDEL,XGBoost,1,0.9664429530201343,730,183,1180,0.9508196721311475,0.9690721649484536,0.9791666666666666,0.8461538461538461,0.9591836734693877,33,6,3,141
62,PaDEL,XGBoost,1,0.9722222222222222,730,183,1177,0.9453551912568307,0.9657534246575342,0.9791666666666666,0.8205128205128205,0.9527027027027027,32,7,3,141
63,PaDEL,XGBoost,1,0.9591836734693877,730,183,1177,0.9398907103825137,0.9621993127147767,0.9722222222222222,0.8205128205128205,0.9523809523809523,32,7,4,140
64,PaDEL,XGBoost,1,0.9694915254237289,730,183,1179,0.912568306010929,0.9436619718309859,0.9305555555555556,0.8461538461538461,0.9571428571428572,33,6,10,134
65,PaDEL,XGBoost,1,0.9627118644067797,730,183,1179,0.9234972677595629,0.9507042253521126,0.9375,0.8717948717948718,0.9642857142857143,34,5,9,135
66,PaDEL,XGBoost,1,0.9523809523809523,730,183,1182,0.9344262295081968,0.958904109589041,0.9722222222222222,0.7948717948717948,0.9459459459459459,31,8,4,140
67,PaDEL,XGBoost,0,0.9655172413793104,730,183,1182,0.912568306010929,0.9455782312925171,0.9652777777777778,0.717948717948718,0.9266666666666666,28,11,5,139
68,PaDEL,XGBoost,1,0.9530201342281879,730,183,1179,0.9234972677595629,0.952054794520548,0.9652777777777778,0.7692307692307693,0.9391891891891891,30,9,5,139
69,PaDEL,XGBoost,0,0.9550173010380623,730,183,1180,0.8907103825136612,0.9315068493150684,0.9444444444444444,0.6923076923076923,0.918918918918919,27,12,8,136
70,PaDEL,XGBoost,1,0.9619377162629758,730,183,1182,0.9453551912568307,0.9645390070921985,0.9444444444444444,0.9487179487179487,0.9855072463768116,37,2,8,136
71,PaDEL,XGBoost,0,0.9448275862068966,730,183,1182,0.9289617486338798,0.9547038327526133,0.9513888888888888,0.8461538461538461,0.958041958041958,33,6,7,137
72,PaDEL,XGBoost,0,0.9577464788732394,730,183,1179,0.9398907103825137,0.9619377162629758,0.9652777777777778,0.8461538461538461,0.9586206896551724,33,6,5,139
73,PaDEL,XGBoost,0,0.9790209790209791,730,183,1182,0.9398907103825137,0.962457337883959,0.9791666666666666,0.7948717948717948,0.9463087248322147,31,8,3,141
74,PaDEL,XGBoost,0,0.9659863945578231,730,183,1182,0.9234972677595629,0.951048951048951,0.9444444444444444,0.8461538461538461,0.9577464788732394,33,6,8,136
75,PaDEL,XGBoost,1,0.9829351535836177,730,183,1182,0.8961748633879781,0.9351535836177475,0.9513888888888888,0.6923076923076923,0.9194630872483222,27,12,7,137
76,PaDEL,XGBoost,1,0.9655172413793104,730,183,1182,0.9289617486338798,0.9556313993174061,0.9722222222222222,0.7692307692307693,0.9395973154362416,30,9,4,140
77,PaDEL,XGBoost,0,0.9619377162629758,730,183,1182,0.9398907103825137,0.9611307420494699,0.9444444444444444,0.9230769230769231,0.9784172661870504,36,3,8,136
78,PaDEL,XGBoost,1,0.962457337883959,730,183,1182,0.9289617486338798,0.9550173010380623,0.9583333333333334,0.8205128205128205,0.9517241379310345,32,7,6,138
79,PaDEL,XGBoost,0,0.9724137931034482,730,183,1182,0.9234972677595629,0.9517241379310345,0.9583333333333334,0.7948717948717948,0.9452054794520548,31,8,6,138
80,PaDEL,XGBoost,0,0.9513888888888888,730,183,1182,0.9398907103825137,0.9621993127147767,0.9722222222222222,0.8205128205128205,0.9523809523809523,32,7,4,140
81,PaDEL,XGBoost,0,0.9659863945578231,730,183,1182,0.9289617486338798,0.9553264604810997,0.9652777777777778,0.7948717948717948,0.9455782312925171,31,8,5,139
82,PaDEL,XGBoost,1,0.9757785467128027,730,183,1182,0.9234972677595629,0.952054794520548,0.9652777777777778,0.7692307692307693,0.9391891891891891,30,9,5,139
83,PaDEL,XGBoost,1,0.9553264604810997,730,183,1182,0.9398907103825137,0.9627118644067797,0.9861111111111112,0.7692307692307693,0.9403973509933775,30,9,2,142
84,PaDEL,XGBoost,1,0.9583333333333334,730,183,1180,0.9508196721311475,0.9686411149825784,0.9652777777777778,0.8974358974358975,0.972027972027972,35,4,5,139
85,PaDEL,XGBoost,1,0.9550173010380623,730,183,1182,0.9398907103825137,0.9616724738675958,0.9583333333333334,0.8717948717948718,0.965034965034965,34,5,6,138
86,PaDEL,XGBoost,1,0.9627118644067797,730,183,1182,0.9180327868852459,0.9494949494949495,0.9791666666666666,0.6923076923076923,0.9215686274509803,27,12,3,141
87,PaDEL,XGBoost,0,0.9722222222222222,730,183,1182,0.9453551912568307,0.9655172413793104,0.9722222222222222,0.8461538461538461,0.958904109589041,33,6,4,140
88,PaDEL,XGBoost,0,0.9556313993174061,730,183,1182,0.9398907103825137,0.9619377162629758,0.9652777777777778,0.8461538461538461,0.9586206896551724,33,6,5,139
89,PaDEL,XGBoost,1,0.9419795221843004,730,183,1180,0.9508196721311475,0.9686411149825784,0.9652777777777778,0.8974358974358975,0.972027972027972,35,4,5,139
90,PaDEL,XGBoost,1,0.9407665505226481,730,183,1179,0.9398907103825137,0.9619377162629758,0.9652777777777778,0.8461538461538461,0.9586206896551724,33,6,5,139
91,PaDEL,XGBoost,0,0.9480968858131488,730,183,1182,0.9289617486338798,0.9553264604810997,0.9652777777777778,0.7948717948717948,0.9455782312925171,31,8,5,139
92,PaDEL,XGBoost,0,0.9556313993174061,730,183,1182,0.9562841530054644,0.971830985915493,0.9583333333333334,0.9487179487179487,0.9857142857142858,37,2,6,138
93,PaDEL,XGBoost,1,0.9452054794520548,730,183,1182,0.9289617486338798,0.9550173010380623,0.9583333333333334,0.8205128205128205,0.9517241379310345,32,7,6,138
94,PaDEL,XGBoost,0,0.9436619718309859,730,183,1180,0.9508196721311475,0.968421052631579,0.9583333333333334,0.9230769230769231,0.9787234042553191,36,3,6,138
95,PaDEL,XGBoost,0,0.9577464788732394,730,183,1182,0.9344262295081968,0.958904109589041,0.9722222222222222,0.7948717948717948,0.9459459459459459,31,8,4,140
96,PaDEL,XGBoost,1,0.9452054794520548,730,183,1179,0.9344262295081968,0.958904109589041,0.9722222222222222,0.7948717948717948,0.9459459459459459,31,8,4,140
97,PaDEL,XGBoost,1,0.9692832764505119,730,183,1182,0.9234972677595629,0.952054794520548,0.9652777777777778,0.7692307692307693,0.9391891891891891,30,9,5,139
98,PaDEL,XGBoost,1,0.9616724738675958,730,183,1182,0.9344262295081968,0.9586206896551724,0.9652777777777778,0.8205128205128205,0.952054794520548,32,7,5,139
99,PaDEL,XGBoost,0,0.9722222222222222,730,183,1182,0.9453551912568307,0.9664429530201343,1.0,0.7435897435897436,0.935064935064935,29,10,0,144
0,SMILES,LogisticRegression,1,0.9252669039145908,730,183,2048,0.8961748633879781,0.9342560553633218,0.9375,0.7435897435897436,0.9310344827586207,29,10,9,135
1,SMILES,LogisticRegression,1,0.9128919860627178,730,183,2048,0.8469945355191257,0.9,0.875,0.7435897435897436,0.9264705882352942,29,10,18,126
2,SMILES,LogisticRegression,1,0.9018181818181819,730,183,2048,0.9016393442622951,0.9361702127659575,0.9166666666666666,0.8461538461538461,0.9565217391304348,33,6,12,132
3,SMILES,LogisticRegression,1,0.9257950530035336,730,183,2048,0.907103825136612,0.9395017793594306,0.9166666666666666,0.8717948717948718,0.9635036496350365,34,5,12,132
4,SMILES,LogisticRegression,1,0.9290780141843972,730,183,2048,0.8961748633879781,0.9323843416370107,0.9097222222222222,0.8461538461538461,0.9562043795620438,33,6,13,131
5,SMILES,LogisticRegression,1,0.9403508771929825,730,183,2048,0.8688524590163934,0.9148936170212766,0.8958333333333334,0.7692307692307693,0.9347826086956522,30,9,15,129
6,SMILES,LogisticRegression,1,0.9071428571428571,730,183,2048,0.8852459016393442,0.924187725631769,0.8888888888888888,0.8717948717948718,0.9624060150375939,34,5,16,128
7,SMILES,LogisticRegression,1,0.9071428571428571,730,183,2048,0.8907103825136612,0.9300699300699301,0.9236111111111112,0.7692307692307693,0.9366197183098591,30,9,11,133
8,SMILES,LogisticRegression,1,0.9366197183098591,730,183,2048,0.8797814207650273,0.9225352112676056,0.9097222222222222,0.7692307692307693,0.9357142857142857,30,9,13,131
9,SMILES,LogisticRegression,1,0.927536231884058,730,183,2048,0.8961748633879781,0.931899641577061,0.9027777777777778,0.8717948717948718,0.9629629629629629,34,5,14,130
10,SMILES,LogisticRegression,1,0.9415807560137457,730,183,2048,0.8961748633879781,0.9323843416370107,0.9097222222222222,0.8461538461538461,0.9562043795620438,33,6,13,131
11,SMILES,LogisticRegression,1,0.9484536082474226,730,183,2048,0.912568306010929,0.9440559440559441,0.9375,0.8205128205128205,0.9507042253521126,32,7,9,135
12,SMILES,LogisticRegression,1,0.8943661971830986,730,183,2048,0.907103825136612,0.9386281588447654,0.9027777777777778,0.9230769230769231,0.9774436090225563,36,3,14,130
13,SMILES,LogisticRegression,0,0.9154929577464789,730,183,2048,0.8524590163934426,0.9039145907473309,0.8819444444444444,0.7435897435897436,0.927007299270073,29,10,17,127
14,SMILES,LogisticRegression,1,0.9513888888888888,730,183,2048,0.912568306010929,0.9444444444444444,0.9444444444444444,0.7948717948717948,0.9444444444444444,31,8,8,136
15,SMILES,LogisticRegression,1,0.9124087591240876,730,183,2048,0.8797814207650273,0.9219858156028369,0.9027777777777778,0.7948717948717948,0.9420289855072463,31,8,14,130
16,SMILES,LogisticRegression,1,0.9064748201438849,730,183,2048,0.9234972677595629,0.95,0.9236111111111112,0.9230769230769231,0.9779411764705882,36,3,11,133
17,SMILES,LogisticRegression,1,0.9252669039145908,730,183,2048,0.8907103825136612,0.9310344827586207,0.9375,0.717948717948718,0.9246575342465754,28,11,9,135
18,SMILES,LogisticRegression,1,0.9263157894736842,730,183,2048,0.912568306010929,0.9440559440559441,0.9375,0.8205128205128205,0.9507042253521126,32,7,9,135
19,SMILES,LogisticRegression,1,0.9407665505226481,730,183,2048,0.8961748633879781,0.9342560553633218,0.9375,0.7435897435897436,0.9310344827586207,29,10,9,135
20,SMILES,LogisticRegression,1,0.9375,730,183,2048,0.907103825136612,0.9411764705882353,0.9444444444444444,0.7692307692307693,0.9379310344827586,30,9,8,136
21,SMILES,LogisticRegression,1,0.9252669039145908,730,183,2048,0.8961748633879781,0.9309090909090909,0.8888888888888888,0.9230769230769231,0.9770992366412213,36,3,16,128
22,SMILES,LogisticRegression,1,0.8992805755395683,730,183,2048,0.9234972677595629,0.950354609929078,0.9305555555555556,0.8974358974358975,0.9710144927536232,35,4,10,134
23,SMILES,LogisticRegression,1,0.926829268292683,730,183,2048,0.9016393442622951,0.9361702127659575,0.9166666666666666,0.8461538461538461,0.9565217391304348,33,6,12,132
24,SMILES,LogisticRegression,1,0.9187279151943463,730,183,2048,0.9344262295081968,0.9577464788732394,0.9444444444444444,0.8974358974358975,0.9714285714285714,35,4,8,136
25,SMILES,LogisticRegression,1,0.9064748201438849,730,183,2048,0.912568306010929,0.9432624113475178,0.9236111111111112,0.8717948717948718,0.9637681159420289,34,5,11,133
26,SMILES,LogisticRegression,1,0.8937728937728938,730,183,2048,0.907103825136612,0.9411764705882353,0.9444444444444444,0.7692307692307693,0.9379310344827586,30,9,8,136
27,SMILES,LogisticRegression,1,0.9375,730,183,2048,0.8743169398907104,0.9192982456140351,0.9097222222222222,0.7435897435897436,0.9290780141843972,29,10,13,131
28,SMILES,LogisticRegression,1,0.9166666666666666,730,183,2048,0.8633879781420765,0.9084249084249084,0.8611111111111112,0.8717948717948718,0.9612403100775194,34,5,20,124
29,SMILES,LogisticRegression,1,0.9390681003584229,730,183,2048,0.8633879781420765,0.910394265232975,0.8819444444444444,0.7948717948717948,0.9407407407407408,31,8,17,127
30,SMILES,LogisticRegression,1,0.9480968858131488,730,183,2048,0.8961748633879781,0.9333333333333333,0.9236111111111112,0.7948717948717948,0.9432624113475178,31,8,11,133
31,SMILES,LogisticRegression,1,0.8912280701754386,730,183,2048,0.8633879781420765,0.910394265232975,0.8819444444444444,0.7948717948717948,0.9407407407407408,31,8,17,127
32,SMILES,LogisticRegression,1,0.9513888888888888,730,183,2048,0.8688524590163934,0.9136690647482014,0.8819444444444444,0.8205128205128205,0.9477611940298507,32,7,17,127
33,SMILES,LogisticRegression,1,0.9285714285714286,730,183,2048,0.8961748633879781,0.9347079037800687,0.9444444444444444,0.717948717948718,0.9251700680272109,28,11,8,136
34,SMILES,LogisticRegression,1,0.9154929577464789,730,183,2048,0.912568306010929,0.9432624113475178,0.9236111111111112,0.8717948717948718,0.9637681159420289,34,5,11,133
35,SMILES,LogisticRegression,1,0.9395017793594306,730,183,2048,0.8961748633879781,0.931899641577061,0.9027777777777778,0.8717948717948718,0.9629629629629629,34,5,14,130
36,SMILES,LogisticRegression,1,0.9407665505226481,730,183,2048,0.8797814207650273,0.9225352112676056,0.9097222222222222,0.7692307692307693,0.9357142857142857,30,9,13,131
37,SMILES,LogisticRegression,1,0.9214285714285714,730,183,2048,0.8797814207650273,0.9214285714285714,0.8958333333333334,0.8205128205128205,0.9485294117647058,32,7,15,129
38,SMILES,LogisticRegression,1,0.9323843416370107,730,183,2048,0.8743169398907104,0.9198606271777003,0.9166666666666666,0.717948717948718,0.9230769230769231,28,11,12,132
39,SMILES,LogisticRegression,1,0.9290780141843972,730,183,2048,0.8961748633879781,0.9333333333333333,0.9236111111111112,0.7948717948717948,0.9432624113475178,31,8,11,133
40,SMILES,LogisticRegression,1,0.9039145907473309,730,183,2048,0.8524590163934426,0.9052631578947369,0.8958333333333334,0.6923076923076923,0.9148936170212766,27,12,15,129
41,SMILES,LogisticRegression,1,0.9480968858131488,730,183,2048,0.9016393442622951,0.9343065693430657,0.8888888888888888,0.9487179487179487,0.9846153846153847,37,2,16,128
42,SMILES,LogisticRegression,1,0.9117647058823529,730,183,2048,0.8907103825136612,0.9290780141843972,0.9097222222222222,0.8205128205128205,0.9492753623188406,32,7,13,131
43,SMILES,LogisticRegression,1,0.9090909090909091,730,183,2048,0.9180327868852459,0.9469964664310954,0.9305555555555556,0.8717948717948718,0.9640287769784173,34,5,10,134
44,SMILES,LogisticRegression,1,0.9230769230769231,730,183,2048,0.8907103825136612,0.9285714285714286,0.9027777777777778,0.8461538461538461,0.9558823529411765,33,6,14,130
45,SMILES,LogisticRegression,1,0.9310344827586207,730,183,2048,0.912568306010929,0.9436619718309859,0.9305555555555556,0.8461538461538461,0.9571428571428572,33,6,10,134
46,SMILES,LogisticRegression,1,0.9225352112676056,730,183,2048,0.8469945355191257,0.900709219858156,0.8819444444444444,0.717948717948718,0.9202898550724637,28,11,17,127
47,SMILES,LogisticRegression,1,0.9333333333333333,730,183,2048,0.8797814207650273,0.9225352112676056,0.9097222222222222,0.7692307692307693,0.9357142857142857,30,9,13,131
48,SMILES,LogisticRegression,1,0.8880866425992779,730,183,2048,0.8688524590163934,0.9148936170212766,0.8958333333333334,0.7692307692307693,0.9347826086956522,30,9,15,129
49,SMILES,LogisticRegression,1,0.9342560553633218,730,183,2048,0.9180327868852459,0.9484536082474226,0.9583333333333334,0.7692307692307693,0.9387755102040817,30,9,6,138
50,SMILES,LogisticRegression,1,0.9357142857142857,730,183,2048,0.8852459016393442,0.926829268292683,0.9236111111111112,0.7435897435897436,0.9300699300699301,29,10,11,133
51,SMILES,LogisticRegression,1,0.9342560553633218,730,183,2048,0.8743169398907104,0.9198606271777003,0.9166666666666666,0.717948717948718,0.9230769230769231,28,11,12,132
52,SMILES,LogisticRegression,1,0.9124087591240876,730,183,2048,0.8907103825136612,0.9300699300699301,0.9236111111111112,0.7692307692307693,0.9366197183098591,30,9,11,133
53,SMILES,LogisticRegression,0,0.9090909090909091,730,183,2048,0.8415300546448088,0.8960573476702509,0.8680555555555556,0.7435897435897436,0.9259259259259259,29,10,19,125
54,SMILES,LogisticRegression,0,0.9257950530035336,730,183,2048,0.8469945355191257,0.9,0.875,0.7435897435897436,0.9264705882352942,29,10,18,126
55,SMILES,LogisticRegression,1,0.9,730,183,2048,0.8961748633879781,0.9328621908127208,0.9166666666666666,0.8205128205128205,0.9496402877697842,32,7,12,132
56,SMILES,LogisticRegression,1,0.920863309352518,730,183,2048,0.8688524590163934,0.9154929577464789,0.9027777777777778,0.7435897435897436,0.9285714285714286,29,10,14,130
57,SMILES,LogisticRegression,1,0.9204152249134948,730,183,2048,0.912568306010929,0.9424460431654677,0.9097222222222222,0.9230769230769231,0.9776119402985075,36,3,13,131
58,SMILES,LogisticRegression,1,0.9328621908127208,730,183,2048,0.8743169398907104,0.9198606271777003,0.9166666666666666,0.717948717948718,0.9230769230769231,28,11,12,132
59,SMILES,LogisticRegression,1,0.9128919860627178,730,183,2048,0.8852459016393442,0.9252669039145908,0.9027777777777778,0.8205128205128205,0.948905109489051,32,7,14,130
60,SMILES,LogisticRegression,1,0.9154929577464789,730,183,2048,0.912568306010929,0.9440559440559441,0.9375,0.8205128205128205,0.9507042253521126,32,7,9,135
61,SMILES,LogisticRegression,1,0.9310344827586207,730,183,2048,0.8743169398907104,0.9192982456140351,0.9097222222222222,0.7435897435897436,0.9290780141843972,29,10,13,131
62,SMILES,LogisticRegression,1,0.9458483754512635,730,183,2048,0.8961748633879781,0.9323843416370107,0.9097222222222222,0.8461538461538461,0.9562043795620438,33,6,13,131
63,SMILES,LogisticRegression,1,0.9187279151943463,730,183,2048,0.9234972677595629,0.951048951048951,0.9444444444444444,0.8461538461538461,0.9577464788732394,33,6,8,136
64,SMILES,LogisticRegression,1,0.9436619718309859,730,183,2048,0.8961748633879781,0.931899641577061,0.9027777777777778,0.8717948717948718,0.9629629629629629,34,5,14,130
65,SMILES,LogisticRegression,1,0.9110320284697508,730,183,2048,0.8688524590163934,0.9117647058823529,0.8611111111111112,0.8974358974358975,0.96875,35,4,20,124
66,SMILES,LogisticRegression,1,0.926829268292683,730,183,2048,0.8852459016393442,0.9252669039145908,0.9027777777777778,0.8205128205128205,0.948905109489051,32,7,14,130
67,SMILES,LogisticRegression,1,0.9436619718309859,730,183,2048,0.907103825136612,0.9407665505226481,0.9375,0.7948717948717948,0.9440559440559441,31,8,9,135
68,SMILES,LogisticRegression,1,0.9351535836177475,730,183,2048,0.8797814207650273,0.9214285714285714,0.8958333333333334,0.8205128205128205,0.9485294117647058,32,7,15,129
69,SMILES,LogisticRegression,1,0.9328621908127208,730,183,2048,0.8797814207650273,0.9225352112676056,0.9097222222222222,0.7692307692307693,0.9357142857142857,30,9,13,131
70,SMILES,LogisticRegression,1,0.9323843416370107,730,183,2048,0.8961748633879781,0.9309090909090909,0.8888888888888888,0.9230769230769231,0.9770992366412213,36,3,16,128
71,SMILES,LogisticRegression,1,0.9110320284697508,730,183,2048,0.8743169398907104,0.9181494661921709,0.8958333333333334,0.7948717948717948,0.9416058394160584,31,8,15,129
72,SMILES,LogisticRegression,1,0.9202898550724637,730,183,2048,0.8743169398907104,0.9187279151943463,0.9027777777777778,0.7692307692307693,0.935251798561151,30,9,14,130
73,SMILES,LogisticRegression,1,0.9214285714285714,730,183,2048,0.8961748633879781,0.9342560553633218,0.9375,0.7435897435897436,0.9310344827586207,29,10,9,135
74,SMILES,LogisticRegression,1,0.9361702127659575,730,183,2048,0.8743169398907104,0.9175627240143369,0.8888888888888888,0.8205128205128205,0.9481481481481482,32,7,16,128
75,SMILES,LogisticRegression,1,0.9686411149825784,730,183,2048,0.8469945355191257,0.9014084507042254,0.8888888888888888,0.6923076923076923,0.9142857142857143,27,12,16,128
76,SMILES,LogisticRegression,1,0.9611307420494699,730,183,2048,0.8852459016393442,0.926829268292683,0.9236111111111112,0.7435897435897436,0.9300699300699301,29,10,11,133
77,SMILES,LogisticRegression,1,0.9395017793594306,730,183,2048,0.8907103825136612,0.927536231884058,0.8888888888888888,0.8974358974358975,0.9696969696969697,35,4,16,128
78,SMILES,LogisticRegression,1,0.9370629370629371,730,183,2048,0.8688524590163934,0.9130434782608695,0.875,0.8461538461538461,0.9545454545454546,33,6,18,126
79,SMILES,LogisticRegression,1,0.9247311827956989,730,183,2048,0.8743169398907104,0.9192982456140351,0.9097222222222222,0.7435897435897436,0.9290780141843972,29,10,13,131
80,SMILES,LogisticRegression,1,0.9263157894736842,730,183,2048,0.8688524590163934,0.9148936170212766,0.8958333333333334,0.7692307692307693,0.9347826086956522,30,9,15,129
81,SMILES,LogisticRegression,1,0.9375,730,183,2048,0.907103825136612,0.9411764705882353,0.9444444444444444,0.7692307692307693,0.9379310344827586,30,9,8,136
82,SMILES,LogisticRegression,1,0.9537366548042705,730,183,2048,0.8469945355191257,0.900709219858156,0.8819444444444444,0.717948717948718,0.9202898550724637,28,11,17,127
83,SMILES,LogisticRegression,1,0.9370629370629371,730,183,2048,0.8907103825136612,0.9295774647887324,0.9166666666666666,0.7948717948717948,0.9428571428571428,31,8,12,132
84,SMILES,LogisticRegression,1,0.9130434782608695,730,183,2048,0.912568306010929,0.9432624113475178,0.9236111111111112,0.8717948717948718,0.9637681159420289,34,5,11,133
85,SMILES,LogisticRegression,1,0.9252669039145908,730,183,2048,0.8743169398907104,0.9169675090252708,0.8819444444444444,0.8461538461538461,0.9548872180451128,33,6,17,127
86,SMILES,LogisticRegression,1,0.9181494661921709,730,183,2048,0.8633879781420765,0.9128919860627178,0.9097222222222222,0.6923076923076923,0.916083916083916,27,12,13,131
87,SMILES,LogisticRegression,0,0.9241379310344827,730,183,2048,0.8633879781420765,0.9090909090909091,0.8680555555555556,0.8461538461538461,0.9541984732824428,33,6,19,125
88,SMILES,LogisticRegression,1,0.9059233449477352,730,183,2048,0.9016393442622951,0.9366197183098591,0.9236111111111112,0.8205128205128205,0.95,32,7,11,133
89,SMILES,LogisticRegression,1,0.9090909090909091,730,183,2048,0.912568306010929,0.9428571428571428,0.9166666666666666,0.8974358974358975,0.9705882352941176,35,4,12,132
90,SMILES,LogisticRegression,1,0.8992805755395683,730,183,2048,0.8852459016393442,0.9263157894736842,0.9166666666666666,0.7692307692307693,0.9361702127659575,30,9,12,132
91,SMILES,LogisticRegression,1,0.9333333333333333,730,183,2048,0.907103825136612,0.9395017793594306,0.9166666666666666,0.8717948717948718,0.9635036496350365,34,5,12,132
92,SMILES,LogisticRegression,1,0.9225352112676056,730,183,2048,0.8743169398907104,0.9157509157509157,0.8680555555555556,0.8974358974358975,0.9689922480620154,35,4,19,125
93,SMILES,LogisticRegression,1,0.9290780141843972,730,183,2048,0.9016393442622951,0.9361702127659575,0.9166666666666666,0.8461538461538461,0.9565217391304348,33,6,12,132
94,SMILES,LogisticRegression,1,0.8773234200743495,730,183,2048,0.9234972677595629,0.9507042253521126,0.9375,0.8717948717948718,0.9642857142857143,34,5,9,135
95,SMILES,LogisticRegression,1,0.9191176470588235,730,183,2048,0.8743169398907104,0.9192982456140351,0.9097222222222222,0.7435897435897436,0.9290780141843972,29,10,13,131
96,SMILES,LogisticRegression,1,0.9187279151943463,730,183,2048,0.8797814207650273,0.9219858156028369,0.9027777777777778,0.7948717948717948,0.9420289855072463,31,8,14,130
97,SMILES,LogisticRegression,1,0.9252669039145908,730,183,2048,0.9180327868852459,0.9473684210526315,0.9375,0.8461538461538461,0.9574468085106383,33,6,9,135
98,SMILES,LogisticRegression,1,0.9432624113475178,730,183,2048,0.8961748633879781,0.9333333333333333,0.9236111111111112,0.7948717948717948,0.9432624113475178,31,8,11,133
99,SMILES,LogisticRegression,1,0.9477351916376306,730,183,2048,0.8688524590163934,0.9142857142857143,0.8888888888888888,0.7948717948717948,0.9411764705882353,31,8,16,128
0,SMILES,RandomForest,1,0.9513888888888888,730,183,2048,0.9234972677595629,0.9527027027027027,0.9791666666666666,0.717948717948718,0.9276315789473685,28,11,3,141
1,SMILES,RandomForest,1,0.9452054794520548,730,183,2048,0.9344262295081968,0.958904109589041,0.9722222222222222,0.7948717948717948,0.9459459459459459,31,8,4,140
2,SMILES,RandomForest,1,0.9337979094076655,730,183,2048,0.9453551912568307,0.9655172413793104,0.9722222222222222,0.8461538461538461,0.958904109589041,33,6,4,140
3,SMILES,RandomForest,0,0.9452054794520548,730,183,2048,0.9289617486338798,0.9553264604810997,0.9652777777777778,0.7948717948717948,0.9455782312925171,31,8,5,139
4,SMILES,RandomForest,1,0.9452054794520548,730,183,2048,0.9508196721311475,0.9692832764505119,0.9861111111111112,0.8205128205128205,0.9530201342281879,32,7,2,142
5,SMILES,RandomForest,1,0.9761092150170648,730,183,2048,0.9398907103825137,0.9621993127147767,0.9722222222222222,0.8205128205128205,0.9523809523809523,32,7,4,140
6,SMILES,RandomForest,1,0.9488054607508533,730,183,2048,0.9344262295081968,0.9591836734693877,0.9791666666666666,0.7692307692307693,0.94,30,9,3,141
7,SMILES,RandomForest,0,0.9347079037800687,730,183,2048,0.9344262295081968,0.9586206896551724,0.9652777777777778,0.8205128205128205,0.952054794520548,32,7,5,139
8,SMILES,RandomForest,1,0.962457337883959,730,183,2048,0.9562841530054644,0.9727891156462585,0.9930555555555556,0.8205128205128205,0.9533333333333334,32,7,1,143
9,SMILES,RandomForest,1,0.9619377162629758,730,183,2048,0.9289617486338798,0.9550173010380623,0.9583333333333334,0.8205128205128205,0.9517241379310345,32,7,6,138
10,SMILES,RandomForest,1,0.9523809523809523,730,183,2048,0.9453551912568307,0.9655172413793104,0.9722222222222222,0.8461538461538461,0.958904109589041,33,6,4,140
11,SMILES,RandomForest,1,0.952054794520548,730,183,2048,0.912568306010929,0.9452054794520548,0.9583333333333334,0.7435897435897436,0.9324324324324325,29,10,6,138
12,SMILES,RandomForest,1,0.9364548494983278,730,183,2048,0.9398907103825137,0.9616724738675958,0.9583333333333334,0.8717948717948718,0.965034965034965,34,5,6,138
13,SMILES,RandomForest,1,0.9355932203389831,730,183,2048,0.912568306010929,0.9455782312925171,0.9652777777777778,0.717948717948718,0.9266666666666666,28,11,5,139
14,SMILES,RandomForest,0,0.9629629629629629,730,183,2048,0.912568306010929,0.9444444444444444,0.9444444444444444,0.7948717948717948,0.9444444444444444,31,8,8,136
15,SMILES,RandomForest,1,0.9219858156028369,730,183,2048,0.9180327868852459,0.9488054607508533,0.9652777777777778,0.7435897435897436,0.9328859060402684,29,10,5,139
16,SMILES,RandomForest,1,0.9440559440559441,730,183,2048,0.9562841530054644,0.972027972027972,0.9652777777777778,0.9230769230769231,0.9788732394366197,36,3,5,139
17,SMILES,RandomForest,1,0.9517241379310345,730,183,2048,0.9398907103825137,0.9627118644067797,0.9861111111111112,0.7692307692307693,0.9403973509933775,30,9,2,142
18,SMILES,RandomForest,1,0.9494949494949495,730,183,2048,0.9508196721311475,0.9696969696969697,1.0,0.7692307692307693,0.9411764705882353,30,9,0,144
19,SMILES,RandomForest,0,0.9550173010380623,730,183,2048,0.9398907103825137,0.9621993127147767,0.9722222222222222,0.8205128205128205,0.9523809523809523,32,7,4,140
20,SMILES,RandomForest,1,0.952054794520548,730,183,2048,0.9234972677595629,0.9523809523809523,0.9722222222222222,0.7435897435897436,0.9333333333333333,29,10,4,140
21,SMILES,RandomForest,1,0.9477351916376306,730,183,2048,0.9344262295081968,0.9586206896551724,0.9652777777777778,0.8205128205128205,0.952054794520548,32,7,5,139
22,SMILES,RandomForest,1,0.9550173010380623,730,183,2048,0.9398907103825137,0.9616724738675958,0.9583333333333334,0.8717948717948718,0.965034965034965,34,5,6,138
23,SMILES,RandomForest,1,0.9655172413793104,730,183,2048,0.9398907103825137,0.9627118644067797,0.9861111111111112,0.7692307692307693,0.9403973509933775,30,9,2,142
24,SMILES,RandomForest,1,0.9455782312925171,730,183,2048,0.9508196721311475,0.9690721649484536,0.9791666666666666,0.8461538461538461,0.9591836734693877,33,6,3,141
25,SMILES,RandomForest,1,0.9444444444444444,730,183,2048,0.9453551912568307,0.9652777777777778,0.9652777777777778,0.8717948717948718,0.9652777777777778,34,5,5,139
26,SMILES,RandomForest,0,0.9452054794520548,730,183,2048,0.9289617486338798,0.9556313993174061,0.9722222222222222,0.7692307692307693,0.9395973154362416,30,9,4,140
27,SMILES,RandomForest,1,0.9491525423728814,730,183,2048,0.912568306010929,0.9452054794520548,0.9583333333333334,0.7435897435897436,0.9324324324324325,29,10,6,138
28,SMILES,RandomForest,0,0.9427609427609428,730,183,2048,0.9180327868852459,0.9480968858131488,0.9513888888888888,0.7948717948717948,0.9448275862068966,31,8,7,137
29,SMILES,RandomForest,1,0.9681978798586572,730,183,2048,0.9234972677595629,0.9517241379310345,0.9583333333333334,0.7948717948717948,0.9452054794520548,31,8,6,138
30,SMILES,RandomForest,1,0.9591836734693877,730,183,2048,0.9453551912568307,0.9657534246575342,0.9791666666666666,0.8205128205128205,0.9527027027027027,32,7,3,141
31,SMILES,RandomForest,1,0.9209621993127147,730,183,2048,0.912568306010929,0.9452054794520548,0.9583333333333334,0.7435897435897436,0.9324324324324325,29,10,6,138
32,SMILES,RandomForest,1,0.9559322033898305,730,183,2048,0.9398907103825137,0.9616724738675958,0.9583333333333334,0.8717948717948718,0.965034965034965,34,5,6,138
33,SMILES,RandomForest,1,0.958041958041958,730,183,2048,0.9180327868852459,0.9494949494949495,0.9791666666666666,0.6923076923076923,0.9215686274509803,27,12,3,141
34,SMILES,RandomForest,0,0.9427609427609428,730,183,2048,0.9289617486338798,0.9553264604810997,0.9652777777777778,0.7948717948717948,0.9455782312925171,31,8,5,139
35,SMILES,RandomForest,1,0.9415807560137457,730,183,2048,0.9508196721311475,0.9688581314878892,0.9722222222222222,0.8717948717948718,0.9655172413793104,34,5,4,140
36,SMILES,RandomForest,0,0.9452054794520548,730,183,2048,0.9234972677595629,0.9517241379310345,0.9583333333333334,0.7948717948717948,0.9452054794520548,31,8,6,138
37,SMILES,RandomForest,1,0.9690721649484536,730,183,2048,0.9180327868852459,0.9488054607508533,0.9652777777777778,0.7435897435897436,0.9328859060402684,29,10,5,139
38,SMILES,RandomForest,1,0.9517241379310345,730,183,2048,0.9289617486338798,0.9556313993174061,0.9722222222222222,0.7692307692307693,0.9395973154362416,30,9,4,140
39,SMILES,RandomForest,0,0.9686411149825784,730,183,2048,0.9234972677595629,0.9513888888888888,0.9513888888888888,0.8205128205128205,0.9513888888888888,32,7,7,137
40,SMILES,RandomForest,1,0.9375,730,183,2048,0.912568306010929,0.9455782312925171,0.9652777777777778,0.717948717948718,0.9266666666666666,28,11,5,139
41,SMILES,RandomForest,1,0.962457337883959,730,183,2048,0.9617486338797814,0.975609756097561,0.9722222222222222,0.9230769230769231,0.9790209790209791,36,3,4,140
42,SMILES,RandomForest,1,0.9513888888888888,730,183,2048,0.9453551912568307,0.9655172413793104,0.9722222222222222,0.8461538461538461,0.958904109589041,33,6,4,140
43,SMILES,RandomForest,0,0.9204152249134948,730,183,2048,0.9617486338797814,0.9757785467128027,0.9791666666666666,0.8974358974358975,0.9724137931034482,35,4,3,141
44,SMILES,RandomForest,0,0.9559322033898305,730,183,2048,0.9453551912568307,0.9655172413793104,0.9722222222222222,0.8461538461538461,0.958904109589041,33,6,4,140
45,SMILES,RandomForest,1,0.9523809523809523,730,183,2048,0.9398907103825137,0.9616724738675958,0.9583333333333334,0.8717948717948718,0.965034965034965,34,5,6,138
46,SMILES,RandomForest,1,0.9488054607508533,730,183,2048,0.9180327868852459,0.9484536082474226,0.9583333333333334,0.7692307692307693,0.9387755102040817,30,9,6,138
47,SMILES,RandomForest,0,0.9440559440559441,730,183,2048,0.9180327868852459,0.9477351916376306,0.9444444444444444,0.8205128205128205,0.951048951048951,32,7,8,136
48,SMILES,RandomForest,1,0.9411764705882353,730,183,2048,0.9398907103825137,0.9621993127147767,0.9722222222222222,0.8205128205128205,0.9523809523809523,32,7,4,140
49,SMILES,RandomForest,1,0.9562289562289562,730,183,2048,0.8907103825136612,0.9305555555555556,0.9305555555555556,0.7435897435897436,0.9305555555555556,29,10,10,134
50,SMILES,RandomForest,1,0.9411764705882353,730,183,2048,0.912568306010929,0.9452054794520548,0.9583333333333334,0.7435897435897436,0.9324324324324325,29,10,6,138
51,SMILES,RandomForest,1,0.9448275862068966,730,183,2048,0.9016393442622951,0.9391891891891891,0.9652777777777778,0.6666666666666666,0.9144736842105263,26,13,5,139
52,SMILES,RandomForest,0,0.9480968858131488,730,183,2048,0.9180327868852459,0.9484536082474226,0.9583333333333334,0.7692307692307693,0.9387755102040817,30,9,6,138
53,SMILES,RandomForest,1,0.9324324324324325,730,183,2048,0.9398907103825137,0.9629629629629629,0.9930555555555556,0.7435897435897436,0.934640522875817,29,10,1,143
54,SMILES,RandomForest,1,0.9657534246575342,730,183,2048,0.9344262295081968,0.958904109589041,0.9722222222222222,0.7948717948717948,0.9459459459459459,31,8,4,140
55,SMILES,RandomForest,1,0.9627118644067797,730,183,2048,0.9289617486338798,0.9556313993174061,0.9722222222222222,0.7692307692307693,0.9395973154362416,30,9,4,140
56,SMILES,RandomForest,0,0.9366197183098591,730,183,2048,0.9016393442622951,0.9383561643835616,0.9513888888888888,0.717948717948718,0.9256756756756757,28,11,7,137
57,SMILES,RandomForest,1,0.9315068493150684,730,183,2048,0.9344262295081968,0.958041958041958,0.9513888888888888,0.8717948717948718,0.9647887323943662,34,5,7,137
58,SMILES,RandomForest,0,0.9583333333333334,730,183,2048,0.8852459016393442,0.9292929292929293,0.9583333333333334,0.6153846153846154,0.9019607843137255,24,15,6,138
59,SMILES,RandomForest,1,0.9283276450511946,730,183,2048,0.9398907103825137,0.9619377162629758,0.9652777777777778,0.8461538461538461,0.9586206896551724,33,6,5,139
60,SMILES,RandomForest,1,0.9347079037800687,730,183,2048,0.9508196721311475,0.9694915254237289,0.9930555555555556,0.7948717948717948,0.9470198675496688,31,8,1,143
61,SMILES,RandomForest,1,0.9463087248322147,730,183,2048,0.9672131147540983,0.9793103448275862,0.9861111111111112,0.8974358974358975,0.9726027397260274,35,4,2,142
62,SMILES,RandomForest,0,0.9652777777777778,730,183,2048,0.9398907103825137,0.9614035087719298,0.9513888888888888,0.8974358974358975,0.9716312056737588,35,4,7,137
63,SMILES,RandomForest,1,0.9553264604810997,730,183,2048,0.9453551912568307,0.9657534246575342,0.9791666666666666,0.8205128205128205,0.9527027027027027,32,7,3,141
64,SMILES,RandomForest,1,0.9692832764505119,730,183,2048,0.912568306010929,0.9444444444444444,0.9444444444444444,0.7948717948717948,0.9444444444444444,31,8,8,136
65,SMILES,RandomForest,0,0.9484536082474226,730,183,2048,0.9234972677595629,0.9507042253521126,0.9375,0.8717948717948718,0.9642857142857143,34,5,9,135
66,SMILES,RandomForest,0,0.9550173010380623,730,183,2048,0.9180327868852459,0.9473684210526315,0.9375,0.8461538461538461,0.9574468085106383,33,6,9,135
67,SMILES,RandomForest,0,0.9547038327526133,730,183,2048,0.9289617486338798,0.9556313993174061,0.9722222222222222,0.7692307692307693,0.9395973154362416,30,9,4,140
68,SMILES,RandomForest,1,0.9553264604810997,730,183,2048,0.9234972677595629,0.9517241379310345,0.9583333333333334,0.7948717948717948,0.9452054794520548,31,8,6,138
69,SMILES,RandomForest,1,0.9690721649484536,730,183,2048,0.8633879781420765,0.9128919860627178,0.9097222222222222,0.6923076923076923,0.916083916083916,27,12,13,131
70,SMILES,RandomForest,0,0.952054794520548,730,183,2048,0.9398907103825137,0.9611307420494699,0.9444444444444444,0.9230769230769231,0.9784172661870504,36,3,8,136
71,SMILES,RandomForest,1,0.9488054607508533,730,183,2048,0.9289617486338798,0.9547038327526133,0.9513888888888888,0.8461538461538461,0.958041958041958,33,6,7,137
72,SMILES,RandomForest,1,0.958041958041958,730,183,2048,0.9508196721311475,0.9692832764505119,0.9861111111111112,0.8205128205128205,0.9530201342281879,32,7,2,142
73,SMILES,RandomForest,1,0.965034965034965,730,183,2048,0.9234972677595629,0.952054794520548,0.9652777777777778,0.7692307692307693,0.9391891891891891,30,9,5,139
74,SMILES,RandomForest,0,0.9591836734693877,730,183,2048,0.912568306010929,0.9444444444444444,0.9444444444444444,0.7948717948717948,0.9444444444444444,31,8,8,136
75,SMILES,RandomForest,0,0.972027972027972,730,183,2048,0.8797814207650273,0.9241379310344827,0.9305555555555556,0.6923076923076923,0.9178082191780822,27,12,10,134
76,SMILES,RandomForest,0,0.962457337883959,730,183,2048,0.8961748633879781,0.9342560553633218,0.9375,0.7435897435897436,0.9310344827586207,29,10,9,135
77,SMILES,RandomForest,0,0.9517241379310345,730,183,2048,0.9453551912568307,0.9652777777777778,0.9652777777777778,0.8717948717948718,0.9652777777777778,34,5,5,139
78,SMILES,RandomForest,0,0.9583333333333334,730,183,2048,0.9289617486338798,0.9547038327526133,0.9513888888888888,0.8461538461538461,0.958041958041958,33,6,7,137
79,SMILES,RandomForest,0,0.9556313993174061,730,183,2048,0.9289617486338798,0.9550173010380623,0.9583333333333334,0.8205128205128205,0.9517241379310345,32,7,6,138
80,SMILES,RandomForest,0,0.9694915254237289,730,183,2048,0.912568306010929,0.9448275862068966,0.9513888888888888,0.7692307692307693,0.9383561643835616,30,9,7,137
81,SMILES,RandomForest,1,0.9655172413793104,730,183,2048,0.912568306010929,0.9459459459459459,0.9722222222222222,0.6923076923076923,0.9210526315789473,27,12,4,140
82,SMILES,RandomForest,1,0.9655172413793104,730,183,2048,0.9234972677595629,0.9513888888888888,0.9513888888888888,0.8205128205128205,0.9513888888888888,32,7,7,137
83,SMILES,RandomForest,0,0.9621993127147767,730,183,2048,0.9016393442622951,0.9379310344827586,0.9444444444444444,0.7435897435897436,0.9315068493150684,29,10,8,136
84,SMILES,RandomForest,1,0.9688581314878892,730,183,2048,0.9508196721311475,0.9686411149825784,0.9652777777777778,0.8974358974358975,0.972027972027972,35,4,5,139
85,SMILES,RandomForest,1,0.9583333333333334,730,183,2048,0.9344262295081968,0.9583333333333334,0.9583333333333334,0.8461538461538461,0.9583333333333334,33,6,6,138
86,SMILES,RandomForest,1,0.9591836734693877,730,183,2048,0.912568306010929,0.9455782312925171,0.9652777777777778,0.717948717948718,0.9266666666666666,28,11,5,139
87,SMILES,RandomForest,1,0.9696969696969697,730,183,2048,0.9344262295081968,0.9586206896551724,0.9652777777777778,0.8205128205128205,0.952054794520548,32,7,5,139
88,SMILES,RandomForest,0,0.9562289562289562,730,183,2048,0.9180327868852459,0.9473684210526315,0.9375,0.8461538461538461,0.9574468085106383,33,6,9,135
89,SMILES,RandomForest,1,0.9463087248322147,730,183,2048,0.9344262295081968,0.958041958041958,0.9513888888888888,0.8717948717948718,0.9647887323943662,34,5,7,137
90,SMILES,RandomForest,1,0.926829268292683,730,183,2048,0.9344262295081968,0.9586206896551724,0.9652777777777778,0.8205128205128205,0.952054794520548,32,7,5,139
91,SMILES,RandomForest,1,0.9659863945578231,730,183,2048,0.9344262295081968,0.958041958041958,0.9513888888888888,0.8717948717948718,0.9647887323943662,34,5,7,137
92,SMILES,RandomForest,1,0.9527027027027027,730,183,2048,0.9672131147540983,0.9791666666666666,0.9791666666666666,0.9230769230769231,0.9791666666666666,36,3,3,141
93,SMILES,RandomForest,1,0.9690721649484536,730,183,2048,0.9289617486338798,0.9550173010380623,0.9583333333333334,0.8205128205128205,0.9517241379310345,32,7,6,138
94,SMILES,RandomForest,1,0.9403508771929825,730,183,2048,0.9562841530054644,0.9727891156462585,0.9930555555555556,0.8205128205128205,0.9533333333333334,32,7,1,143
95,SMILES,RandomForest,1,0.9390681003584229,730,183,2048,0.9234972677595629,0.9517241379310345,0.9583333333333334,0.7948717948717948,0.9452054794520548,31,8,6,138
96,SMILES,RandomForest,1,0.9423728813559322,730,183,2048,0.9453551912568307,0.9655172413793104,0.9722222222222222,0.8461538461538461,0.958904109589041,33,6,4,140
97,SMILES,RandomForest,1,0.9547038327526133,730,183,2048,0.9508196721311475,0.9688581314878892,0.9722222222222222,0.8717948717948718,0.9655172413793104,34,5,4,140
98,SMILES,RandomForest,1,0.9621993127147767,730,183,2048,0.9453551912568307,0.9657534246575342,0.9791666666666666,0.8205128205128205,0.9527027027027027,32,7,3,141
99,SMILES,RandomForest,0,0.9621993127147767,730,183,2048,0.9234972677595629,0.952054794520548,0.9652777777777778,0.7692307692307693,0.9391891891891891,30,9,5,139
0,SMILES,XGBoost,1,0.9477351916376306,730,183,2048,0.912568306010929,0.9459459459459459,0.9722222222222222,0.6923076923076923,0.9210526315789473,27,12,4,140
1,SMILES,XGBoost,1,0.9230769230769231,730,183,2048,0.912568306010929,0.9444444444444444,0.9444444444444444,0.7948717948717948,0.9444444444444444,31,8,8,136
2,SMILES,XGBoost,0,0.9290780141843972,730,183,2048,0.9617486338797814,0.975609756097561,0.9722222222222222,0.9230769230769231,0.9790209790209791,36,3,4,140
3,SMILES,XGBoost,0,0.9263157894736842,730,183,2048,0.9234972677595629,0.9513888888888888,0.9513888888888888,0.8205128205128205,0.9513888888888888,32,7,7,137
4,SMILES,XGBoost,1,0.9379310344827586,730,183,2048,0.9617486338797814,0.9757785467128027,0.9791666666666666,0.8974358974358975,0.9724137931034482,35,4,3,141
5,SMILES,XGBoost,1,0.9724137931034482,730,183,2048,0.9180327868852459,0.9480968858131488,0.9513888888888888,0.7948717948717948,0.9448275862068966,31,8,7,137
6,SMILES,XGBoost,1,0.952054794520548,730,183,2048,0.9398907103825137,0.9621993127147767,0.9722222222222222,0.8205128205128205,0.9523809523809523,32,7,4,140
7,SMILES,XGBoost,0,0.9355932203389831,730,183,2048,0.9289617486338798,0.9550173010380623,0.9583333333333334,0.8205128205128205,0.9517241379310345,32,7,6,138
8,SMILES,XGBoost,0,0.9692832764505119,730,183,2048,0.9180327868852459,0.9480968858131488,0.9513888888888888,0.7948717948717948,0.9448275862068966,31,8,7,137
9,SMILES,XGBoost,0,0.9692832764505119,730,183,2048,0.912568306010929,0.9436619718309859,0.9305555555555556,0.8461538461538461,0.9571428571428572,33,6,10,134
10,SMILES,XGBoost,1,0.9491525423728814,730,183,2048,0.9180327868852459,0.9473684210526315,0.9375,0.8461538461538461,0.9574468085106383,33,6,9,135
11,SMILES,XGBoost,0,0.952054794520548,730,183,2048,0.9289617486338798,0.9550173010380623,0.9583333333333334,0.8205128205128205,0.9517241379310345,32,7,6,138
12,SMILES,XGBoost,0,0.9328621908127208,730,183,2048,0.9016393442622951,0.935251798561151,0.9027777777777778,0.8974358974358975,0.9701492537313433,35,4,14,130
13,SMILES,XGBoost,0,0.9236111111111112,730,183,2048,0.9016393442622951,0.9370629370629371,0.9305555555555556,0.7948717948717948,0.9436619718309859,31,8,10,134
14,SMILES,XGBoost,1,0.9594594594594594,730,183,2048,0.912568306010929,0.9440559440559441,0.9375,0.8205128205128205,0.9507042253521126,32,7,9,135
15,SMILES,XGBoost,0,0.9181494661921709,730,183,2048,0.8797814207650273,0.9236111111111112,0.9236111111111112,0.717948717948718,0.9236111111111112,28,11,11,133
16,SMILES,XGBoost,1,0.9448275862068966,730,183,2048,0.9344262295081968,0.9577464788732394,0.9444444444444444,0.8974358974358975,0.9714285714285714,35,4,8,136
17,SMILES,XGBoost,1,0.9403508771929825,730,183,2048,0.9180327868852459,0.9488054607508533,0.9652777777777778,0.7435897435897436,0.9328859060402684,29,10,5,139
18,SMILES,XGBoost,1,0.9387755102040817,730,183,2048,0.9344262295081968,0.9586206896551724,0.9652777777777778,0.8205128205128205,0.952054794520548,32,7,5,139
19,SMILES,XGBoost,1,0.9444444444444444,730,183,2048,0.9289617486338798,0.9553264604810997,0.9652777777777778,0.7948717948717948,0.9455782312925171,31,8,5,139
20,SMILES,XGBoost,1,0.9452054794520548,730,183,2048,0.9289617486338798,0.9556313993174061,0.9722222222222222,0.7692307692307693,0.9395973154362416,30,9,4,140
21,SMILES,XGBoost,0,0.9517241379310345,730,183,2048,0.9289617486338798,0.9540636042402827,0.9375,0.8974358974358975,0.9712230215827338,35,4,9,135
22,SMILES,XGBoost,1,0.9399293286219081,730,183,2048,0.9617486338797814,0.9757785467128027,0.9791666666666666,0.8974358974358975,0.9724137931034482,35,4,3,141
23,SMILES,XGBoost,0,0.9379310344827586,730,183,2048,0.9344262295081968,0.9586206896551724,0.9652777777777778,0.8205128205128205,0.952054794520548,32,7,5,139
24,SMILES,XGBoost,0,0.9315068493150684,730,183,2048,0.9617486338797814,0.9759450171821306,0.9861111111111112,0.8717948717948718,0.9659863945578231,34,5,2,142
25,SMILES,XGBoost,1,0.9225352112676056,730,183,2048,0.9234972677595629,0.951048951048951,0.9444444444444444,0.8461538461538461,0.9577464788732394,33,6,8,136
26,SMILES,XGBoost,1,0.9415807560137457,730,183,2048,0.9398907103825137,0.9619377162629758,0.9652777777777778,0.8461538461538461,0.9586206896551724,33,6,5,139
27,SMILES,XGBoost,1,0.9484536082474226,730,183,2048,0.8961748633879781,0.9333333333333333,0.9236111111111112,0.7948717948717948,0.9432624113475178,31,8,11,133
28,SMILES,XGBoost,1,0.9423728813559322,730,183,2048,0.9180327868852459,0.9480968858131488,0.9513888888888888,0.7948717948717948,0.9448275862068966,31,8,7,137
29,SMILES,XGBoost,1,0.9647887323943662,730,183,2048,0.9016393442622951,0.9379310344827586,0.9444444444444444,0.7435897435897436,0.9315068493150684,29,10,8,136
30,SMILES,XGBoost,1,0.958904109589041,730,183,2048,0.9289617486338798,0.9553264604810997,0.9652777777777778,0.7948717948717948,0.9455782312925171,31,8,5,139
31,SMILES,XGBoost,0,0.9027777777777778,730,183,2048,0.8961748633879781,0.9337979094076655,0.9305555555555556,0.7692307692307693,0.9370629370629371,30,9,10,134
32,SMILES,XGBoost,1,0.9627118644067797,730,183,2048,0.9344262295081968,0.958041958041958,0.9513888888888888,0.8717948717948718,0.9647887323943662,34,5,7,137
33,SMILES,XGBoost,1,0.9477351916376306,730,183,2048,0.9234972677595629,0.9527027027027027,0.9791666666666666,0.717948717948718,0.9276315789473685,28,11,3,141
34,SMILES,XGBoost,1,0.9463087248322147,730,183,2048,0.9344262295081968,0.9586206896551724,0.9652777777777778,0.8205128205128205,0.952054794520548,32,7,5,139
35,SMILES,XGBoost,1,0.9411764705882353,730,183,2048,0.9617486338797814,0.9759450171821306,0.9861111111111112,0.8717948717948718,0.9659863945578231,34,5,2,142
36,SMILES,XGBoost,1,0.9383561643835616,730,183,2048,0.9289617486338798,0.9547038327526133,0.9513888888888888,0.8461538461538461,0.958041958041958,33,6,7,137
37,SMILES,XGBoost,0,0.9547038327526133,730,183,2048,0.8852459016393442,0.9247311827956989,0.8958333333333334,0.8461538461538461,0.9555555555555556,33,6,15,129
38,SMILES,XGBoost,1,0.951048951048951,730,183,2048,0.9234972677595629,0.952054794520548,0.9652777777777778,0.7692307692307693,0.9391891891891891,30,9,5,139
39,SMILES,XGBoost,1,0.952054794520548,730,183,2048,0.9289617486338798,0.9556313993174061,0.9722222222222222,0.7692307692307693,0.9395973154362416,30,9,4,140
40,SMILES,XGBoost,0,0.9300699300699301,730,183,2048,0.8961748633879781,0.9351535836177475,0.9513888888888888,0.6923076923076923,0.9194630872483222,27,12,7,137
41,SMILES,XGBoost,0,0.9484536082474226,730,183,2048,0.9453551912568307,0.9647887323943662,0.9513888888888888,0.9230769230769231,0.9785714285714285,36,3,7,137
42,SMILES,XGBoost,1,0.9466192170818505,730,183,2048,0.9398907103825137,0.9619377162629758,0.9652777777777778,0.8461538461538461,0.9586206896551724,33,6,5,139
43,SMILES,XGBoost,0,0.9278350515463918,730,183,2048,0.9453551912568307,0.965034965034965,0.9583333333333334,0.8974358974358975,0.971830985915493,35,4,6,138
44,SMILES,XGBoost,1,0.9556313993174061,730,183,2048,0.9398907103825137,0.9621993127147767,0.9722222222222222,0.8205128205128205,0.9523809523809523,32,7,4,140
45,SMILES,XGBoost,1,0.9347079037800687,730,183,2048,0.9344262295081968,0.958041958041958,0.9513888888888888,0.8717948717948718,0.9647887323943662,34,5,7,137
46,SMILES,XGBoost,1,0.9351535836177475,730,183,2048,0.9180327868852459,0.9473684210526315,0.9375,0.8461538461538461,0.9574468085106383,33,6,9,135
47,SMILES,XGBoost,1,0.9411764705882353,730,183,2048,0.912568306010929,0.9440559440559441,0.9375,0.8205128205128205,0.9507042253521126,32,7,9,135
48,SMILES,XGBoost,1,0.9273356401384083,730,183,2048,0.9344262295081968,0.9586206896551724,0.9652777777777778,0.8205128205128205,0.952054794520548,32,7,5,139
49,SMILES,XGBoost,1,0.9463087248322147,730,183,2048,0.8852459016393442,0.9273356401384083,0.9305555555555556,0.717948717948718,0.9241379310344827,28,11,10,134
50,SMILES,XGBoost,1,0.9448275862068966,730,183,2048,0.912568306010929,0.9452054794520548,0.9583333333333334,0.7435897435897436,0.9324324324324325,29,10,6,138
51,SMILES,XGBoost,0,0.9347079037800687,730,183,2048,0.907103825136612,0.9419795221843004,0.9583333333333334,0.717948717948718,0.9261744966442953,28,11,6,138
52,SMILES,XGBoost,0,0.9366197183098591,730,183,2048,0.9234972677595629,0.9517241379310345,0.9583333333333334,0.7948717948717948,0.9452054794520548,31,8,6,138
53,SMILES,XGBoost,0,0.9204152249134948,730,183,2048,0.9180327868852459,0.9484536082474226,0.9583333333333334,0.7692307692307693,0.9387755102040817,30,9,6,138
54,SMILES,XGBoost,0,0.9553264604810997,730,183,2048,0.907103825136612,0.9415807560137457,0.9513888888888888,0.7435897435897436,0.9319727891156463,29,10,7,137
55,SMILES,XGBoost,0,0.9517241379310345,730,183,2048,0.9234972677595629,0.9507042253521126,0.9375,0.8717948717948718,0.9642857142857143,34,5,9,135
56,SMILES,XGBoost,0,0.9399293286219081,730,183,2048,0.907103825136612,0.9407665505226481,0.9375,0.7948717948717948,0.9440559440559441,31,8,9,135
57,SMILES,XGBoost,0,0.9198606271777003,730,183,2048,0.9344262295081968,0.958041958041958,0.9513888888888888,0.8717948717948718,0.9647887323943662,34,5,7,137
58,SMILES,XGBoost,0,0.9480968858131488,730,183,2048,0.9344262295081968,0.958904109589041,0.9722222222222222,0.7948717948717948,0.9459459459459459,31,8,4,140
59,SMILES,XGBoost,0,0.9283276450511946,730,183,2048,0.8961748633879781,0.931899641577061,0.9027777777777778,0.8717948717948718,0.9629629629629629,34,5,14,130
60,SMILES,XGBoost,1,0.9379310344827586,730,183,2048,0.9289617486338798,0.9547038327526133,0.9513888888888888,0.8461538461538461,0.958041958041958,33,6,7,137
61,SMILES,XGBoost,0,0.9491525423728814,730,183,2048,0.9562841530054644,0.9726027397260274,0.9861111111111112,0.8461538461538461,0.9594594594594594,33,6,2,142
62,SMILES,XGBoost,1,0.968421052631579,730,183,2048,0.9289617486338798,0.9543859649122807,0.9444444444444444,0.8717948717948718,0.9645390070921985,34,5,8,136
63,SMILES,XGBoost,0,0.9310344827586207,730,183,2048,0.9344262295081968,0.9583333333333334,0.9583333333333334,0.8461538461538461,0.9583333333333334,33,6,6,138
64,SMILES,XGBoost,0,0.9583333333333334,730,183,2048,0.8797814207650273,0.9219858156028369,0.9027777777777778,0.7948717948717948,0.9420289855072463,31,8,14,130
65,SMILES,XGBoost,0,0.9419795221843004,730,183,2048,0.9180327868852459,0.9466192170818505,0.9236111111111112,0.8974358974358975,0.9708029197080292,35,4,11,133
66,SMILES,XGBoost,1,0.9448275862068966,730,183,2048,0.9016393442622951,0.9370629370629371,0.9305555555555556,0.7948717948717948,0.9436619718309859,31,8,10,134
67,SMILES,XGBoost,0,0.9484536082474226,730,183,2048,0.907103825136612,0.9419795221843004,0.9583333333333334,0.717948717948718,0.9261744966442953,28,11,6,138
68,SMILES,XGBoost,0,0.9488054607508533,730,183,2048,0.9234972677595629,0.9513888888888888,0.9513888888888888,0.8205128205128205,0.9513888888888888,32,7,7,137
69,SMILES,XGBoost,1,0.9477351916376306,730,183,2048,0.8852459016393442,0.9273356401384083,0.9305555555555556,0.717948717948718,0.9241379310344827,28,11,10,134
70,SMILES,XGBoost,1,0.9556313993174061,730,183,2048,0.9508196721311475,0.968421052631579,0.9583333333333334,0.9230769230769231,0.9787234042553191,36,3,6,138
71,SMILES,XGBoost,0,0.9370629370629371,730,183,2048,0.912568306010929,0.9436619718309859,0.9305555555555556,0.8461538461538461,0.9571428571428572,33,6,10,134
72,SMILES,XGBoost,1,0.9611307420494699,730,183,2048,0.9234972677595629,0.9513888888888888,0.9513888888888888,0.8205128205128205,0.9513888888888888,32,7,7,137
73,SMILES,XGBoost,1,0.9616724738675958,730,183,2048,0.9234972677595629,0.9523809523809523,0.9722222222222222,0.7435897435897436,0.9333333333333333,29,10,4,140
74,SMILES,XGBoost,1,0.9586206896551724,730,183,2048,0.9180327868852459,0.9477351916376306,0.9444444444444444,0.8205128205128205,0.951048951048951,32,7,8,136
75,SMILES,XGBoost,1,0.9791666666666666,730,183,2048,0.8688524590163934,0.9178082191780822,0.9305555555555556,0.6410256410256411,0.9054054054054054,25,14,10,134
76,SMILES,XGBoost,0,0.9621993127147767,730,183,2048,0.9180327868852459,0.9484536082474226,0.9583333333333334,0.7692307692307693,0.9387755102040817,30,9,6,138
77,SMILES,XGBoost,0,0.9513888888888888,730,183,2048,0.9344262295081968,0.9577464788732394,0.9444444444444444,0.8974358974358975,0.9714285714285714,35,4,8,136
78,SMILES,XGBoost,1,0.9452054794520548,730,183,2048,0.9180327868852459,0.9473684210526315,0.9375,0.8461538461538461,0.9574468085106383,33,6,9,135
79,SMILES,XGBoost,1,0.9480968858131488,730,183,2048,0.9180327868852459,0.9477351916376306,0.9444444444444444,0.8205128205128205,0.951048951048951,32,7,8,136
80,SMILES,XGBoost,0,0.9550173010380623,730,183,2048,0.8852459016393442,0.926829268292683,0.9236111111111112,0.7435897435897436,0.9300699300699301,29,10,11,133
81,SMILES,XGBoost,0,0.9583333333333334,730,183,2048,0.912568306010929,0.9448275862068966,0.9513888888888888,0.7692307692307693,0.9383561643835616,30,9,7,137
82,SMILES,XGBoost,1,0.9550173010380623,730,183,2048,0.9180327868852459,0.9473684210526315,0.9375,0.8461538461538461,0.9574468085106383,33,6,9,135
83,SMILES,XGBoost,1,0.962457337883959,730,183,2048,0.8961748633879781,0.9347079037800687,0.9444444444444444,0.717948717948718,0.9251700680272109,28,11,8,136
84,SMILES,XGBoost,1,0.9724137931034482,730,183,2048,0.9617486338797814,0.975609756097561,0.9722222222222222,0.9230769230769231,0.9790209790209791,36,3,4,140
85,SMILES,XGBoost,1,0.951048951048951,730,183,2048,0.9289617486338798,0.9543859649122807,0.9444444444444444,0.8717948717948718,0.9645390070921985,34,5,8,136
86,SMILES,XGBoost,1,0.9553264604810997,730,183,2048,0.8907103825136612,0.9315068493150684,0.9444444444444444,0.6923076923076923,0.918918918918919,27,12,8,136
87,SMILES,XGBoost,1,0.9627118644067797,730,183,2048,0.9344262295081968,0.9583333333333334,0.9583333333333334,0.8461538461538461,0.9583333333333334,33,6,6,138
88,SMILES,XGBoost,0,0.9523809523809523,730,183,2048,0.9180327868852459,0.9473684210526315,0.9375,0.8461538461538461,0.9574468085106383,33,6,9,135
89,SMILES,XGBoost,0,0.9455782312925171,730,183,2048,0.9180327868852459,0.9466192170818505,0.9236111111111112,0.8974358974358975,0.9708029197080292,35,4,11,133
90,SMILES,XGBoost,0,0.9230769230769231,730,183,2048,0.9234972677595629,0.9517241379310345,0.9583333333333334,0.7948717948717948,0.9452054794520548,31,8,6,138
91,SMILES,XGBoost,1,0.9523809523809523,730,183,2048,0.9234972677595629,0.9507042253521126,0.9375,0.8717948717948718,0.9642857142857143,34,5,9,135
92,SMILES,XGBoost,1,0.9586206896551724,730,183,2048,0.9508196721311475,0.9681978798586572,0.9513888888888888,0.9487179487179487,0.9856115107913669,37,2,7,137
93,SMILES,XGBoost,1,0.9550173010380623,730,183,2048,0.9234972677595629,0.951048951048951,0.9444444444444444,0.8461538461538461,0.9577464788732394,33,6,8,136
94,SMILES,XGBoost,0,0.9366197183098591,730,183,2048,0.9289617486338798,0.9550173010380623,0.9583333333333334,0.8205128205128205,0.9517241379310345,32,7,6,138
95,SMILES,XGBoost,1,0.9361702127659575,730,183,2048,0.912568306010929,0.9452054794520548,0.9583333333333334,0.7435897435897436,0.9324324324324325,29,10,6,138
96,SMILES,XGBoost,0,0.9484536082474226,730,183,2048,0.9234972677595629,0.9513888888888888,0.9513888888888888,0.8205128205128205,0.9513888888888888,32,7,7,137
97,SMILES,XGBoost,1,0.9477351916376306,730,183,2048,0.9289617486338798,0.9550173010380623,0.9583333333333334,0.8205128205128205,0.9517241379310345,32,7,6,138
98,SMILES,XGBoost,1,0.9513888888888888,730,183,2048,0.9398907103825137,0.9621993127147767,0.9722222222222222,0.8205128205128205,0.9523809523809523,32,7,4,140
99,SMILES,XGBoost,0,0.952054794520548,730,183,2048,0.9180327868852459,0.9488054607508533,0.9652777777777778,0.7435897435897436,0.9328859060402684,29,10,5,139
